source,target,ED_purchaseValue
0x00493aa44bcfd6f0c2ecc7f8b154e4fb352d1c81,0xabaf40768e575beb3244df2853a0505cb2d2e4bb,0.01
0x008c84421da5527f462886cec43d2717b686a7e4,0xc57c5ae582708e619ec1ba7513480b2e7540935f,0.01
0x00eac8989b2dd513d61ad1faa277da3ad1f5bd2c,0xc57c5ae582708e619ec1ba7513480b2e7540935f,0.11
0x012e168acb9fdc90a4ed9fd6ca2834d9bf5b579e,0xc57c5ae582708e619ec1ba7513480b2e7540935f,0.5
0x0154d25120ed20a516fe43991702e7463c5a6f6e,0xc57c5ae582708e619ec1ba7513480b2e7540935f,0.060000000000000005
0x016c8780e5ccb32e5caa342a926794ce64d9c364,0x2bd5d2e3d5852ad9960638083cb7c9f493e7a597,0.005
0x02be804f3f2ce77bc981c544373d11a0668b6a31,0xabaf40768e575beb3244df2853a0505cb2d2e4bb,0.15
0x038db6c62d0f072616e2b8db7d3d7cfc829f7f65,0xc57c5ae582708e619ec1ba7513480b2e7540935f,0.11
0x03942174b8e362d168e5c26d9b4339ab36d970b0,0xc57c5ae582708e619ec1ba7513480b2e7540935f,0.01
0x049808d5eaa90a2665b9703d2246dded34f1eb73,0xc57c5ae582708e619ec1ba7513480b2e7540935f,0.1
0x04b6867a08e81f2378959ba4b4f41eb086acaa74,0xc57c5ae582708e619ec1ba7513480b2e7540935f,0.12000000000000001
0x04bfb0034f24e424489f566f32d1f57647469f9e,0x25cbcfa16e43e58517f80d583087ea89241293e6,0.05
0x04c95c6f8ea7ff7c3f7a2f148fae75650c5a875e,0xc57c5ae582708e619ec1ba7513480b2e7540935f,0.01
0x050ac21c63ee3edddbe27bdaa7a87b0c9f5fd75b,0xc57c5ae582708e619ec1ba7513480b2e7540935f,0.01
0x05758991abfde0a2f4404f2fe903116444369025,0xc57c5ae582708e619ec1ba7513480b2e7540935f,0.95
0x0614e07756390441cb246c886917487840e74f7d,0xc57c5ae582708e619ec1ba7513480b2e7540935f,0.04
0x0653f05d22e5fe46f15639616e3bfd51c9060214,0x2bd5d2e3d5852ad9960638083cb7c9f493e7a597,0.005
0x065a09a6fa96fed27defec9099b00e3e9af99c10,0xc57c5ae582708e619ec1ba7513480b2e7540935f,0.01
0x07ab4529e88349b0256ad6054e03ae9ae24cdfb1,0x25cbcfa16e43e58517f80d583087ea89241293e6,0.05
0x07c9856e6d0cda3b7d76d2954b61d5462c7cc2c3,0xc57c5ae582708e619ec1ba7513480b2e7540935f,0.11
0x07cbd4e4473140b6078aa987907aaff5e500b9f1,0xc57c5ae582708e619ec1ba7513480b2e7540935f,0.060000000000000005
0x07cff6218249a2351a174bdc1e5b1632e8e4e673,0xc57c5ae582708e619ec1ba7513480b2e7540935f,0.05
0x0839118d8a5bbdd693512124561f377290152692,0xc57c5ae582708e619ec1ba7513480b2e7540935f,0.060000000000000005
0x08d816526bdc9d077dd685bd9fa49f58a5ab8e48,0xc57c5ae582708e619ec1ba7513480b2e7540935f,0.21000000000000002
0x09430565e3a38884fedd42e5fd0e05656f7b24b2,0xabaf40768e575beb3244df2853a0505cb2d2e4bb,0.15
0x0b01168b77425d8a4df02f794d2ced416ec6e7d4,0xc57c5ae582708e619ec1ba7513480b2e7540935f,0.01
0x0b1f9e300e6e4b4c25cc73c53c8aa700e552f99f,0xc57c5ae582708e619ec1ba7513480b2e7540935f,0.01
0x0b4ead9adb79457816d446deb57d7a22f88c644c,0xc57c5ae582708e619ec1ba7513480b2e7540935f,0.060000000000000005
0x0b62e5caff1b4f9605e78c3ca8016c0a4b4e23cb,0x25cbcfa16e43e58517f80d583087ea89241293e6,0.05
0x0bc3668d2aafa53ed5e5134ba13ec74ea195d000,0xc57c5ae582708e619ec1ba7513480b2e7540935f,0.02
0x0cacc6104d8cd9d7b2850b4f35c65c1ecdeece03,0xc57c5ae582708e619ec1ba7513480b2e7540935f,0.25
0x0d1d670aeaebf998f1fe1c0e94e6d846d331e6d8,0xc57c5ae582708e619ec1ba7513480b2e7540935f,0.35
0x0ed24e51a0a342150fb3ac6bbe1ae50ca986bba7,0xc57c5ae582708e619ec1ba7513480b2e7540935f,0.060000000000000005
0x0eef1558c2514b96a13bdb3fa47ac8d37f7a65be,0xc57c5ae582708e619ec1ba7513480b2e7540935f,0.060000000000000005
0x0f045a0d77d24c326316e0315354e7df28b4ac50,0xc57c5ae582708e619ec1ba7513480b2e7540935f,0.05
0x0f1020dd3bf19518cb836b6107403ab19d3c4edf,0xc57c5ae582708e619ec1ba7513480b2e7540935f,0.01
0x0f48669b1681d41357eac232f516b77d0c10f0f1,0xc57c5ae582708e619ec1ba7513480b2e7540935f,0.01
0x0fbc61029d01fb6b52bb8474879f4a00ff672d8c,0x942cbea64876ff0b2e23c0712b37dc0091804e9c,2.0
0x0fbc61029d01fb6b52bb8474879f4a00ff672d8c,0x969d53ead869b7242715038551e1cbdbce514b68,0.2
0x10f5d45854e038071485ac9e402308cf80d2d2fe,0xc57c5ae582708e619ec1ba7513480b2e7540935f,0.25
0x1104ba29ed2b40d1f97fb9c2f50a9c876444a10c,0xc57c5ae582708e619ec1ba7513480b2e7540935f,0.1
0x11051d33685f661c2f8a48465b77ec0a2fe7a51d,0xc57c5ae582708e619ec1ba7513480b2e7540935f,0.01
0x1180eaef1d6c06b396f676aeb569a66f5c5dee57,0xc57c5ae582708e619ec1ba7513480b2e7540935f,0.01
0x11ae60b9f14c516b9c1a7250c79397e29d09ec57,0xc57c5ae582708e619ec1ba7513480b2e7540935f,0.2
0x11b4e83bc3e9605f03e2a4c34bd09567be5aebbe,0xabaf40768e575beb3244df2853a0505cb2d2e4bb,0.15
0x1200eb4fa3df9903fc6eff1d7a4a5d17502329b2,0xc57c5ae582708e619ec1ba7513480b2e7540935f,0.21000000000000002
0x1263a91edb1263d7b18cb0df12e39bdbb22f5e7c,0xc57c5ae582708e619ec1ba7513480b2e7540935f,0.01
0x12b6e121cf45e03f100c296a4ee2e12c2d53df72,0xc57c5ae582708e619ec1ba7513480b2e7540935f,0.2
0x134f21d99963eb84e1d80b0d8c565312dcc1a172,0xc57c5ae582708e619ec1ba7513480b2e7540935f,0.01
0x135c21b2da426760718e39da954974c4572ae9f6,0xabaf40768e575beb3244df2853a0505cb2d2e4bb,0.15
0x13ebd3443fa5575f0eb173e323d8419f7452cfb1,0xc57c5ae582708e619ec1ba7513480b2e7540935f,0.1
0x14edc14b3886b2c8068bdef3fb8c05bf07a21c2c,0xabaf40768e575beb3244df2853a0505cb2d2e4bb,0.15
0x16174273b883ec5b2ad3bd9aeea08e67a2711d0d,0xc57c5ae582708e619ec1ba7513480b2e7540935f,0.1
0x1669efe64f446186ae7ae2b4dac0924c7a257fea,0x2bd5d2e3d5852ad9960638083cb7c9f493e7a597,0.005
0x167539702b5501aadd9b0b85e53532fd57cc71a9,0xc57c5ae582708e619ec1ba7513480b2e7540935f,0.22000000000000003
0x16e648667b6bb4c7e572f5cf71874f7dd047da8d,0xc57c5ae582708e619ec1ba7513480b2e7540935f,0.060000000000000005
0x16f530a535123cfc13a98ef5c85fd14857960eed,0xc57c5ae582708e619ec1ba7513480b2e7540935f,0.02
0x17e33637f6b64e9082ea499481b6e6ebae7eea23,0xc57c5ae582708e619ec1ba7513480b2e7540935f,0.21000000000000002
0x182ab91cede43208251095c4af2aba1f2bde72a9,0x25cbcfa16e43e58517f80d583087ea89241293e6,0.05
0x18625142e5e576c524329b2568884099e4d9cac1,0xc57c5ae582708e619ec1ba7513480b2e7540935f,0.060000000000000005
0x186e740369d5790ce22986711e941f51dcad5090,0xc57c5ae582708e619ec1ba7513480b2e7540935f,0.01
0x18b24cf58dd392b9dad6ede481300d33309f3595,0xc57c5ae582708e619ec1ba7513480b2e7540935f,0.01
0x199819f4de70e3da056dc131724358255a7cb337,0xc57c5ae582708e619ec1ba7513480b2e7540935f,0.060000000000000005
0x1a207beefc754735871ceeb4c506686f044b1c41,0xc57c5ae582708e619ec1ba7513480b2e7540935f,0.060000000000000005
0x1aa000e34290c1ce5cae1084cd46b1bca04ba6f2,0x2bd5d2e3d5852ad9960638083cb7c9f493e7a597,0.005
0x1aa000e34290c1ce5cae1084cd46b1bca04ba6f2,0xc57c5ae582708e619ec1ba7513480b2e7540935f,0.01
0x1add18a1643caf074711e40b2afaf73354d1f743,0xabaf40768e575beb3244df2853a0505cb2d2e4bb,0.15
0x1aeae3180bcebd4687ab053fd955818c8ee76974,0xc57c5ae582708e619ec1ba7513480b2e7540935f,0.21000000000000002
0x1b64c25a669a9a2c1f8ff56a2789f85057bcafc0,0xc57c5ae582708e619ec1ba7513480b2e7540935f,0.01
0x1bf9599a2b2a9befefaac17088f212b351998faa,0xc57c5ae582708e619ec1ba7513480b2e7540935f,0.01
0x1c56e7d40d19ad6445cfd9e77d2f91ba89add528,0x942cbea64876ff0b2e23c0712b37dc0091804e9c,1.01
0x1c56e7d40d19ad6445cfd9e77d2f91ba89add528,0xfc4852b5e3af65058cdfe1d1dce26946c0c1975f,0.1
0x1cc6938596b6ec52dad1957f8fff98c105e868c7,0xc57c5ae582708e619ec1ba7513480b2e7540935f,0.31
0x1d3eda0356e492d51fde4ffb8651c549bdecbdca,0xc57c5ae582708e619ec1ba7513480b2e7540935f,0.060000000000000005
0x1e25fa8cbf244b6b8208902d5432039aef57ff58,0xc57c5ae582708e619ec1ba7513480b2e7540935f,0.44999999999999996
0x1e341aa44c293d95d13d778492d417d1be4e63d5,0xabaf40768e575beb3244df2853a0505cb2d2e4bb,0.15
0x1e3882aff34c1eaf5507e77026f215085bda1e19,0xc57c5ae582708e619ec1ba7513480b2e7540935f,0.15000000000000002
0x1eeaeebe87f05c0c5b91bf707663f6e8487e84ae,0xc57c5ae582708e619ec1ba7513480b2e7540935f,0.01
0x1fd7dae8ce6190509486e657629975e10ecfef60,0xc57c5ae582708e619ec1ba7513480b2e7540935f,0.01
0x200ce646610bef24b988d1125b779c22ece4a2d4,0xc57c5ae582708e619ec1ba7513480b2e7540935f,0.01
0x201be631a06cc2922532acc00fe39da0f87c8985,0x808a2adbd0a3fc679e3f7cd18d4f579bfcaaec9c,0.05
0x202eca424a8db90924a4daa3e6bcecd9311f668e,0xc57c5ae582708e619ec1ba7513480b2e7540935f,0.02
0x208b4a8ef875a5e4645e23f27343f47fd887d9c5,0xc57c5ae582708e619ec1ba7513480b2e7540935f,0.01
0x208e3ed55144371f318824a48f8e9d68fa38b9c0,0x25cbcfa16e43e58517f80d583087ea89241293e6,0.05
0x209b07242c123ffc9aa12b3a057cb28d38412ab7,0x25cbcfa16e43e58517f80d583087ea89241293e6,0.05
0x21532d4267648191bef7a33c813c43cf90a6fa78,0xc57c5ae582708e619ec1ba7513480b2e7540935f,0.060000000000000005
0x21639a426a07498c4e7157ba909f92da2d57ce87,0x2bd5d2e3d5852ad9960638083cb7c9f493e7a597,0.005
0x21639a426a07498c4e7157ba909f92da2d57ce87,0xc57c5ae582708e619ec1ba7513480b2e7540935f,0.26
0x2206445d241ccb7dae93b2d2acfc67f75b90fd76,0xc57c5ae582708e619ec1ba7513480b2e7540935f,0.11
0x221494fffd98355ff99ad1030d43a8ca05d995f4,0x808a2adbd0a3fc679e3f7cd18d4f579bfcaaec9c,0.05
0x2260c600601a17aa937e36e343df7ce7b89e1ad7,0x808a2adbd0a3fc679e3f7cd18d4f579bfcaaec9c,0.05
0x227612e69b1d06250e7035c1c12840561ebf3c56,0xabaf40768e575beb3244df2853a0505cb2d2e4bb,0.01
0x2292d4416a8ff57619cfa32be4aa5a392496b260,0xc57c5ae582708e619ec1ba7513480b2e7540935f,0.1
0x22a6c748dc711aa485d6933652afd76eb7de9fc8,0x25cbcfa16e43e58517f80d583087ea89241293e6,0.05
0x22ae1250d6193c18896e8209f59d83532ee42f84,0xc57c5ae582708e619ec1ba7513480b2e7540935f,0.1
0x22b660f6e6a007acea649acd028a8d057c15620c,0xabaf40768e575beb3244df2853a0505cb2d2e4bb,0.01
0x22e11781154978fda205ddf373bb8316ad86e191,0x25cbcfa16e43e58517f80d583087ea89241293e6,0.05
0x22f7887308852d74fe035dbf42f3462aa8151709,0xc57c5ae582708e619ec1ba7513480b2e7540935f,0.01
0x231557d79f2320a46cc61d97070a7d64664ed2df,0xabaf40768e575beb3244df2853a0505cb2d2e4bb,0.15
0x23b6d8e09cb33b1550de19ac25cc3f41ae4603bb,0xc57c5ae582708e619ec1ba7513480b2e7540935f,0.01
0x23e44614d00fa86b1642df1d1c1a624bf4743a23,0xc57c5ae582708e619ec1ba7513480b2e7540935f,0.31000000000000005
0x25cbcfa16e43e58517f80d583087ea89241293e6,0x25cbcfa16e43e58517f80d583087ea89241293e6,0.05
0x25cbcfa16e43e58517f80d583087ea89241293e6,0x2bd5d2e3d5852ad9960638083cb7c9f493e7a597,0.005
0x26439aeb008d63b6686798b5f08a84c7abefbd80,0xc57c5ae582708e619ec1ba7513480b2e7540935f,0.01
0x282173335ae1f328b34eb9acadc052e59e70a89f,0xbec26ffa12c90217943d1b2958f60a821ae6e549,0.18
0x283d37e46f7817610fa03fe8ece875a2897a8df9,0xc57c5ae582708e619ec1ba7513480b2e7540935f,0.060000000000000005
0x28679a1a632125fbbf7a68d850e50623194a709e,0x2bd5d2e3d5852ad9960638083cb7c9f493e7a597,0.005
0x286ca7aace3afa06d0d25b0ea9311f6b2890e9be,0xabaf40768e575beb3244df2853a0505cb2d2e4bb,0.15
0x28ace08ae71e962a8079bc654914d41f76714ac0,0xc57c5ae582708e619ec1ba7513480b2e7540935f,0.01
0x29597dc348268d6c651c12a133d2312341a1e895,0xc57c5ae582708e619ec1ba7513480b2e7540935f,0.01
0x2993e1d02b11377f44455aedc618c705acbb0591,0xc57c5ae582708e619ec1ba7513480b2e7540935f,0.01
0x29a4bff97c5bea25d73b5b6178aed63ad42e4849,0xc57c5ae582708e619ec1ba7513480b2e7540935f,0.01
0x2d887bf73d3667528098686aa3adc43fd9a5e0c6,0x25cbcfa16e43e58517f80d583087ea89241293e6,0.05
0x2debdf4427ccbcfdbc7f29d63964499a0ec184f6,0xc57c5ae582708e619ec1ba7513480b2e7540935f,0.31000000000000005
0x2e047ae0c36e60513f2ddd050fa3767c5783591f,0xc57c5ae582708e619ec1ba7513480b2e7540935f,0.01
0x2e32935bfd5b2718f99bc8fdf8b37c16811f7d97,0x808a2adbd0a3fc679e3f7cd18d4f579bfcaaec9c,0.05
0x2e419a06feb47d5f640636a55a814757fa10edf9,0x25cbcfa16e43e58517f80d583087ea89241293e6,0.25
0x2e44f49552c0c8e93f60318520760f619c03615f,0xabaf40768e575beb3244df2853a0505cb2d2e4bb,0.16
0x2e6645c4ecbdaad32d45bb8b93aa8f84a33c5053,0xbec26ffa12c90217943d1b2958f60a821ae6e549,0.36
0x2f6b15f910c53cddb9cbde54885a5b2636a6c8f3,0xc57c5ae582708e619ec1ba7513480b2e7540935f,0.08
0x2ff0fa8e27d79d2c5f83623bcf480905745c2039,0xc57c5ae582708e619ec1ba7513480b2e7540935f,0.060000000000000005
0x308709ab07945d786b3886890be5a43420095599,0x25cbcfa16e43e58517f80d583087ea89241293e6,0.05
0x311da6d80cc8994193168ba51b074649606cf6d2,0xc57c5ae582708e619ec1ba7513480b2e7540935f,0.21000000000000002
0x3250a2576611f3bfbdead0005b9e3a2a1f6faf50,0xc57c5ae582708e619ec1ba7513480b2e7540935f,0.060000000000000005
0x33baacafcb6eeaaa15699a00d02dbd2bf988e11e,0x25cbcfa16e43e58517f80d583087ea89241293e6,0.05
0x33e580cee928d83a61b98905a1f9be68ea6279b8,0xc57c5ae582708e619ec1ba7513480b2e7540935f,0.060000000000000005
0x33e96eb658bcf4858fe60dd0ca170b2d54411358,0xc57c5ae582708e619ec1ba7513480b2e7540935f,0.01
0x33f19221618359fdbd68245220b1e6d07d2da12c,0xc57c5ae582708e619ec1ba7513480b2e7540935f,0.25
0x340dcbd638d756b0e2c5a89336150c3ff0dbd79f,0x25cbcfa16e43e58517f80d583087ea89241293e6,0.05
0x3457f035ed77c6eb6bc2d78a6f93ae474f1ff863,0xabaf40768e575beb3244df2853a0505cb2d2e4bb,0.01
0x34665577f1d363d839b88d24105833efed0c592a,0xc57c5ae582708e619ec1ba7513480b2e7540935f,0.01
0x34aa3f359a9d614239015126635ce7732c18fdf3,0xc57c5ae582708e619ec1ba7513480b2e7540935f,1.06
0x34cd8a21e92b0abd558ff02d6cc7a9e12daf0ff1,0xc57c5ae582708e619ec1ba7513480b2e7540935f,0.11
0x34e605bf9c2c8d5da1edff0a1dfa514ba39830b4,0xabaf40768e575beb3244df2853a0505cb2d2e4bb,0.15
0x3527a204a5260a0e36ca695312379370328e4e6c,0x2bd5d2e3d5852ad9960638083cb7c9f493e7a597,0.005
0x367ee654432e0bf0a79c551bae7e3ac03d6364bd,0xc57c5ae582708e619ec1ba7513480b2e7540935f,0.01
0x36de990133d36d7e3df9a820aa3ede5a2320de71,0xc57c5ae582708e619ec1ba7513480b2e7540935f,0.01
0x37341cbb14c5f128a70b149726ad8b2ce6f4c793,0xc57c5ae582708e619ec1ba7513480b2e7540935f,0.31000000000000005
0x375c4952dfe5d5f0eae142f73cf8138ad496a722,0xc57c5ae582708e619ec1ba7513480b2e7540935f,0.01
0x377079de5e8c3d105c39c3533c095431d1681f9c,0x25cbcfa16e43e58517f80d583087ea89241293e6,0.05
0x37e658b92bb74e4a8bde3969bf0afcb2109f7591,0xabaf40768e575beb3244df2853a0505cb2d2e4bb,0.01
0x386c82b52d6e0dfb636c51b577577140cc1df4bf,0xc57c5ae582708e619ec1ba7513480b2e7540935f,0.01
0x38ab17c5b796f15305ec81ff7ef2a0b00d796d1d,0xc57c5ae582708e619ec1ba7513480b2e7540935f,0.12000000000000001
0x391cd59d33aed135e8ba7475677b1bc781035b32,0xc57c5ae582708e619ec1ba7513480b2e7540935f,0.01
0x3977263f2c5b49c47b911bcedd36f4e95bf6668f,0xc57c5ae582708e619ec1ba7513480b2e7540935f,0.060000000000000005
0x399e0ae23663f27181ebb4e66ec504b3aab25541,0xc57c5ae582708e619ec1ba7513480b2e7540935f,0.01
0x39b754a9b7d4932d740b9bf6b77d6995318342c7,0xc57c5ae582708e619ec1ba7513480b2e7540935f,0.01
0x39f4662bf97200dbfa00ed05e3141c8959151cfa,0xabaf40768e575beb3244df2853a0505cb2d2e4bb,0.3
0x3b3c01c9f5d8e04956b799b5503bb89968b4f768,0xc57c5ae582708e619ec1ba7513480b2e7540935f,0.21000000000000002
0x3bbbcbc1c0b584f61ed746096e7b67c6bc2dac93,0x25cbcfa16e43e58517f80d583087ea89241293e6,0.05
0x3bd31a863a799cf0ef9f6d678a8c39a1f8af0a9b,0xc57c5ae582708e619ec1ba7513480b2e7540935f,0.01
0x3c1a491a11d500f8a6b31a69c129a0eae2b9d6f5,0x25cbcfa16e43e58517f80d583087ea89241293e6,0.05
0x3c50e19c7abf8e5c9a3c56fce64e7015a6e1f49c,0x42dfaf5266ad40ab4533f9806f5cc1df4c1eb363,32.50000000000006
0x3c50e19c7abf8e5c9a3c56fce64e7015a6e1f49c,0x4303ddc9943d862f2b205af468a4a786c5137e76,15.0
0x3c50e19c7abf8e5c9a3c56fce64e7015a6e1f49c,0x5507dbd48a5a5bace8a6030e878cc4e0af147c33,9.99999999999998
0x3cc04875e98edf01065a4b27e00bcfeddb76cba8,0xc57c5ae582708e619ec1ba7513480b2e7540935f,0.01
0x3cf08d6a9436a1798c18d24a70f5ad0bea31775e,0xabaf40768e575beb3244df2853a0505cb2d2e4bb,0.15
0x3da59eb9185b88b06e3a4f71c6481cbfc97830b3,0xabaf40768e575beb3244df2853a0505cb2d2e4bb,0.15
0x3e73a83f78fb608ce6bd6b7d19cc1f0923cdde34,0xc57c5ae582708e619ec1ba7513480b2e7540935f,0.1
0x3ec2c2a37be7ec40b922a6efc846e1d32bea97a1,0xc57c5ae582708e619ec1ba7513480b2e7540935f,0.01
0x3ec44a823e07555b5f889d8d954eec736eb5865b,0xc57c5ae582708e619ec1ba7513480b2e7540935f,0.01
0x3f1a421b47c5a9ec1025475a3fd3e99ce20616a2,0x808a2adbd0a3fc679e3f7cd18d4f579bfcaaec9c,0.05
0x3f86f18322a888d9b3adef38f127c941bccc014d,0x808a2adbd0a3fc679e3f7cd18d4f579bfcaaec9c,0.05
0x4065149108a615930114bb511818fc0909aa9269,0xc57c5ae582708e619ec1ba7513480b2e7540935f,0.15000000000000002
0x42725a485c4dd073a3c15895c216acb15872abb8,0xc57c5ae582708e619ec1ba7513480b2e7540935f,0.35000000000000014
0x42c029e3536a8b83b0a5c1b3c2d611e1c03320cc,0x808a2adbd0a3fc679e3f7cd18d4f579bfcaaec9c,0.05
0x42dfaf5266ad40ab4533f9806f5cc1df4c1eb363,0x25cbcfa16e43e58517f80d583087ea89241293e6,1.0
0x433f4b6f6a823917a7817980bac403512ead35e9,0xc57c5ae582708e619ec1ba7513480b2e7540935f,0.060000000000000005
0x4369d774e6248fd7a5f306da65dfcd7a0bd819e7,0xc57c5ae582708e619ec1ba7513480b2e7540935f,0.21000000000000002
0x439f19e9699e92c8b52fea85bcfae067a697c882,0x25cbcfa16e43e58517f80d583087ea89241293e6,0.1
0x4430c8310ebe9ba864682790127e1f0417fe9dac,0xc57c5ae582708e619ec1ba7513480b2e7540935f,0.05
0x44581af545c0e2f03a23f9afc6c2f4b9b6bce357,0xc57c5ae582708e619ec1ba7513480b2e7540935f,0.01
0x446d967f0db7469db135a6277cb19ec5e9be1ab4,0xc57c5ae582708e619ec1ba7513480b2e7540935f,0.01
0x44ad5fa4d36dc37b7b83bad6ac6f373c47c3c837,0xc57c5ae582708e619ec1ba7513480b2e7540935f,0.25
0x44dc2ec15b3483fc8590f6b396cea5f8f2fbf3bd,0xc57c5ae582708e619ec1ba7513480b2e7540935f,0.11
0x46301f7e700be9cffce3e5e142a2244df3f2d4f2,0x25cbcfa16e43e58517f80d583087ea89241293e6,0.2
0x46301f7e700be9cffce3e5e142a2244df3f2d4f2,0x808a2adbd0a3fc679e3f7cd18d4f579bfcaaec9c,0.05
0x46301f7e700be9cffce3e5e142a2244df3f2d4f2,0xabaf40768e575beb3244df2853a0505cb2d2e4bb,0.15
0x463e426b00fd9d65ceb89d0fd30fcdb76771ba6a,0x25cbcfa16e43e58517f80d583087ea89241293e6,0.05
0x46b84d6fb28f9518fad8f6e6c403d1082c04cbb0,0xc57c5ae582708e619ec1ba7513480b2e7540935f,0.21000000000000002
0x471d82d7f3100de48e2aea293371b654f38443bb,0xc57c5ae582708e619ec1ba7513480b2e7540935f,0.02
0x475566f2b32f98a8fb8ddfaf184dc522d0701f72,0x25cbcfa16e43e58517f80d583087ea89241293e6,0.2
0x47b0f09d54af9de6f375ce6638436ca1cad21a4b,0xc57c5ae582708e619ec1ba7513480b2e7540935f,0.01
0x47ce63bbead48b180cfea1a3e5fff60ddeebf116,0xc57c5ae582708e619ec1ba7513480b2e7540935f,0.01
0x47f8d396e61692887fd1902b1e6522413df86c4d,0xc57c5ae582708e619ec1ba7513480b2e7540935f,0.11
0x49087eb6f9529eb02a508fb820d7b4d0b52e4881,0xc57c5ae582708e619ec1ba7513480b2e7540935f,0.01
0x491f3c7f724d6559d1ff8da47048b4ff29042238,0x25cbcfa16e43e58517f80d583087ea89241293e6,0.05
0x493eb815ea8d5c8ac1cbbc787726d980e04bf649,0x808a2adbd0a3fc679e3f7cd18d4f579bfcaaec9c,0.05
0x4954c9004a45bde97a53b43130a1030a2b6efbb1,0xc57c5ae582708e619ec1ba7513480b2e7540935f,0.01
0x4a40eb870dcf533d4dc097c3d87aafe9f64490a1,0xabaf40768e575beb3244df2853a0505cb2d2e4bb,0.15
0x4a4f1c998b89c0dc000983ffd997420dad282ca1,0xc57c5ae582708e619ec1ba7513480b2e7540935f,0.31
0x4a8b9e2c2940fdd39aceb384654dc59acb58c337,0xc57c5ae582708e619ec1ba7513480b2e7540935f,0.81
0x4ab5e3f0b2d1604dd2002cfeca6163802d74c6cb,0x808a2adbd0a3fc679e3f7cd18d4f579bfcaaec9c,0.05
0x4abc33cf81e0d21f42168d044f7002edd6b80b09,0xc57c5ae582708e619ec1ba7513480b2e7540935f,0.060000000000000005
0x4b69d6081ff943afd0c6561c3da5ac563ce4cdfb,0xc57c5ae582708e619ec1ba7513480b2e7540935f,0.01
0x4b727eeefa1c0db4240e3ea0b0adecfa59bd90d7,0xc57c5ae582708e619ec1ba7513480b2e7540935f,0.01
0x4bc519f0b7b348fae780afb2dd4aa76841ba8e9e,0xc57c5ae582708e619ec1ba7513480b2e7540935f,0.01
0x4c0713d9eb4efd10ccf4d459630f4652723c9f30,0xc57c5ae582708e619ec1ba7513480b2e7540935f,0.11
0x4c2f62d6f34388a8d134907fea723e7ed902fe22,0xc57c5ae582708e619ec1ba7513480b2e7540935f,0.01
0x4ceec332c36add621857c1e68e8957db21dc865d,0xabaf40768e575beb3244df2853a0505cb2d2e4bb,0.15
0x4d1dcf15acbc0b69aed7b0d87bda5cbc66c48184,0xc57c5ae582708e619ec1ba7513480b2e7540935f,0.060000000000000005
0x4e248177e428b97b1462a2056a8000c58c4dae05,0xc57c5ae582708e619ec1ba7513480b2e7540935f,0.05
0x4eb9eabd74d2077cb2016a65a435cff7508a3795,0xc57c5ae582708e619ec1ba7513480b2e7540935f,0.060000000000000005
0x5042ed574320d668d6df9dd82ba5cd987317d2a9,0xc57c5ae582708e619ec1ba7513480b2e7540935f,0.01
0x504afd735d03b6d4b1aabd101bc5fd2b34a17fcc,0xc57c5ae582708e619ec1ba7513480b2e7540935f,0.1
0x5090c4fead5be112b643bc75d61bf42339675448,0x25cbcfa16e43e58517f80d583087ea89241293e6,0.05
0x5090c4fead5be112b643bc75d61bf42339675448,0xabaf40768e575beb3244df2853a0505cb2d2e4bb,0.15
0x5090c4fead5be112b643bc75d61bf42339675448,0xfc4852b5e3af65058cdfe1d1dce26946c0c1975f,0.0
0x509a045a2003a058861ba7ff48a044dab86023b4,0xc57c5ae582708e619ec1ba7513480b2e7540935f,0.01
0x50a9785192228e4da78e5a80e7c19dd682723941,0xc57c5ae582708e619ec1ba7513480b2e7540935f,0.15000000000000002
0x51448923d8a215a5a8cd872a51f22c2f5c43b444,0xabaf40768e575beb3244df2853a0505cb2d2e4bb,0.15
0x5159128278bb4c4fd8d605576e247fda25f00d1e,0x25cbcfa16e43e58517f80d583087ea89241293e6,0.05
0x51d88fa01435dc35568fb2867a5631d56f9f2d53,0xc57c5ae582708e619ec1ba7513480b2e7540935f,0.01
0x525dcb530b8f69297c6994c39c57dd1e998b2357,0xc57c5ae582708e619ec1ba7513480b2e7540935f,0.060000000000000005
0x526884eab1ffa91545e2d963e66bd6f78b67892d,0xc57c5ae582708e619ec1ba7513480b2e7540935f,0.060000000000000005
0x5289156f8b0876e7576fe960e39a3e84c90d821f,0x25cbcfa16e43e58517f80d583087ea89241293e6,0.05
0x52ef83e77243970e74680fc5814d4a7b984d4b89,0xc57c5ae582708e619ec1ba7513480b2e7540935f,0.01
0x533f5e76693a4dc5c7a852faaea0a42d162e9be1,0xc57c5ae582708e619ec1ba7513480b2e7540935f,0.01
0x53cb57bf289681c2d53fd5747b6c1b128c984d23,0xc57c5ae582708e619ec1ba7513480b2e7540935f,0.01
0x540615ace7036247dc4c4b221384e09ad0229d1f,0xabaf40768e575beb3244df2853a0505cb2d2e4bb,0.15
0x540615ace7036247dc4c4b221384e09ad0229d1f,0xc57c5ae582708e619ec1ba7513480b2e7540935f,0.01
0x54b862330c0d89ba5ecdacdd09388b2398c53d17,0xc57c5ae582708e619ec1ba7513480b2e7540935f,0.05
0x54becc7560a7be76d72ed76a1f5fee6c5a2a7ab6,0x2bd5d2e3d5852ad9960638083cb7c9f493e7a597,0.005
0x54becc7560a7be76d72ed76a1f5fee6c5a2a7ab6,0xc57c5ae582708e619ec1ba7513480b2e7540935f,0.01
0x5507dbd48a5a5bace8a6030e878cc4e0af147c33,0x25cbcfa16e43e58517f80d583087ea89241293e6,0.2
0x5507dbd48a5a5bace8a6030e878cc4e0af147c33,0x2bd5d2e3d5852ad9960638083cb7c9f493e7a597,0.005
0x5507dbd48a5a5bace8a6030e878cc4e0af147c33,0x445d959751d21b6a460b30d0cd0c88ce63b01847,0.01
0x5507dbd48a5a5bace8a6030e878cc4e0af147c33,0x942cbea64876ff0b2e23c0712b37dc0091804e9c,0.001
0x5507dbd48a5a5bace8a6030e878cc4e0af147c33,0xabaf40768e575beb3244df2853a0505cb2d2e4bb,0.01
0x5507dbd48a5a5bace8a6030e878cc4e0af147c33,0xc57c5ae582708e619ec1ba7513480b2e7540935f,0.01
0x5564e4fbd35f37d889973eb1af427a6a555e8ebc,0xc57c5ae582708e619ec1ba7513480b2e7540935f,0.060000000000000005
0x55ba34d4f0283d1ad0d09502a5b8c1b8886ee724,0xabaf40768e575beb3244df2853a0505cb2d2e4bb,0.15
0x56323ba5844462191d59dcf50d474a4aec11282d,0xc57c5ae582708e619ec1ba7513480b2e7540935f,0.01
0x565b3b224f9f83573ca560b51cd772171380f826,0xc57c5ae582708e619ec1ba7513480b2e7540935f,0.01
0x56b0b93c475c91f9694bf51b4d3a0257a6c10398,0xc57c5ae582708e619ec1ba7513480b2e7540935f,0.01
0x56d389c4e07a48d429035532402301310b8143a0,0xc57c5ae582708e619ec1ba7513480b2e7540935f,0.51
0x56f0cedd9ad07937b94afb607fe765d7baa8d680,0xc57c5ae582708e619ec1ba7513480b2e7540935f,0.11
0x580eccb127b287cffdcb8935bc5fc7e9ec0b4123,0xc57c5ae582708e619ec1ba7513480b2e7540935f,0.15000000000000002
0x5906f843eae2efe0983eb5f5318294866eda5dd8,0xc57c5ae582708e619ec1ba7513480b2e7540935f,0.21000000000000002
0x5937d5b9ec0cd91ea181c0eb25306efc6f1c9099,0xc57c5ae582708e619ec1ba7513480b2e7540935f,0.01
0x593ab4f8412575d4b2ea36d373c04956a8fbd3cd,0x25cbcfa16e43e58517f80d583087ea89241293e6,0.05
0x597bb1cae332c7bd745d07d749a658ce791488a8,0x2bd5d2e3d5852ad9960638083cb7c9f493e7a597,0.005
0x59a5493513ba2378ed57ae5ecfb8a027e9d80365,0xc57c5ae582708e619ec1ba7513480b2e7540935f,0.5599999999999999
0x5acfad7c03a64696f6a50858aa7daff7883f1fb6,0xc57c5ae582708e619ec1ba7513480b2e7540935f,0.060000000000000005
0x5d8b04e983a2f83174530a3574e89f42e5ee066e,0xbec26ffa12c90217943d1b2958f60a821ae6e549,0.18
0x5d8b04e983a2f83174530a3574e89f42e5ee066e,0xc57c5ae582708e619ec1ba7513480b2e7540935f,0.21000000000000002
0x5e3f6ae45109fbdc2e23eaf93353ea1964d3c7ed,0xc57c5ae582708e619ec1ba7513480b2e7540935f,0.01
0x603ec266064ab002c3d66061bab3afda369493d1,0xc57c5ae582708e619ec1ba7513480b2e7540935f,0.01
0x612e8126b11f7d2596be800278ecf2515c85aa5b,0x942cbea64876ff0b2e23c0712b37dc0091804e9c,128.27000000000027
0x612e8126b11f7d2596be800278ecf2515c85aa5b,0xfc4852b5e3af65058cdfe1d1dce26946c0c1975f,34.100000000000094
0x6130b7313833f99956a364156b3329e50695bd65,0x25cbcfa16e43e58517f80d583087ea89241293e6,0.05
0x6130b7313833f99956a364156b3329e50695bd65,0xabaf40768e575beb3244df2853a0505cb2d2e4bb,0.01
0x616396affaf05e1514a685acd757ffb9432e2c3e,0xc57c5ae582708e619ec1ba7513480b2e7540935f,0.07
0x620051b8553a724b742ae6ae9cc3585d29f49848,0xc57c5ae582708e619ec1ba7513480b2e7540935f,0.060000000000000005
0x6289071a919d25e5ae90754e851e6f8507108245,0xc57c5ae582708e619ec1ba7513480b2e7540935f,0.05
0x629898596dc5f16c31af69382ab7985654332e78,0xc57c5ae582708e619ec1ba7513480b2e7540935f,0.060000000000000005
0x6421200d4d9dce407c29da69d28996d8dab6503c,0xc57c5ae582708e619ec1ba7513480b2e7540935f,0.07
0x642c7f7040c656d633a9267284b338ff41051541,0xc57c5ae582708e619ec1ba7513480b2e7540935f,0.11
0x648aa14e4424e0825a5ce739c8c68610e143fb79,0xc57c5ae582708e619ec1ba7513480b2e7540935f,1.06
0x6552be7816f797945120ee965b9903da3f0c4845,0xc57c5ae582708e619ec1ba7513480b2e7540935f,0.16000000000000003
0x66943316565fe60619ef3517c9ab80072b71223b,0xc57c5ae582708e619ec1ba7513480b2e7540935f,0.1
0x66c7fe6d7e15049d4f432dc7e189ee76e17f8fef,0xc57c5ae582708e619ec1ba7513480b2e7540935f,0.060000000000000005
0x66c97dc031bb2f6ad421cef7b01de0ca2ae4fe64,0xc57c5ae582708e619ec1ba7513480b2e7540935f,0.01
0x682c23025534a089f51123e2773cd2d1811fbb52,0x25cbcfa16e43e58517f80d583087ea89241293e6,0.05
0x688a46b1a19193011f0f5dc4675878073f640c89,0xc57c5ae582708e619ec1ba7513480b2e7540935f,0.01
0x68b18d388994336f341b4997360bb45f9f8701c9,0xc57c5ae582708e619ec1ba7513480b2e7540935f,0.11
0x693edbcf118ec982f5a8101498b6c789470b0b89,0xc57c5ae582708e619ec1ba7513480b2e7540935f,0.01
0x6954ee7ede83ca555663704fe7e2b1528ff2c619,0xc57c5ae582708e619ec1ba7513480b2e7540935f,0.2
0x698782b2e299cef1a90a03e39ac09ba887c77238,0xc57c5ae582708e619ec1ba7513480b2e7540935f,0.11
0x699fe57573f418e9670fc84b30b3f7523f49af8b,0xc57c5ae582708e619ec1ba7513480b2e7540935f,0.01
0x6a68cc6fbe089c3726f9f78f4d954fd4d6099570,0xc57c5ae582708e619ec1ba7513480b2e7540935f,0.060000000000000005
0x6ab075abfa7cdd7b19fa83663b1f2a83e4a957e3,0xc57c5ae582708e619ec1ba7513480b2e7540935f,0.36000000000000004
0x6abec78e13d11fb64479b487ac169076f22c6d3b,0xc57c5ae582708e619ec1ba7513480b2e7540935f,0.02
0x6b75d4c7a4cff4d1bd94a7e34b69f4b6c2a3b44f,0xc57c5ae582708e619ec1ba7513480b2e7540935f,0.08
0x6b787f43f9b22717c9dfcbceb9e95a45d804985d,0xc57c5ae582708e619ec1ba7513480b2e7540935f,0.01
0x6c70e5fc4e4926cd836a6f8b0645aa1a077fa605,0xabaf40768e575beb3244df2853a0505cb2d2e4bb,0.15
0x6ccef09f9a03658d19fc9bc1680dfc0feb084899,0x2bd5d2e3d5852ad9960638083cb7c9f493e7a597,0.005
0x6d7ddd863eb2dad990bc05bdd3357e32850509e9,0xc57c5ae582708e619ec1ba7513480b2e7540935f,0.01
0x6dc43be93a8b5fd37dc16f24872babc6da5e5e3e,0x25cbcfa16e43e58517f80d583087ea89241293e6,0.05
0x6e3aa85db95bba36276a37ed93b12b7ab0782afb,0xc57c5ae582708e619ec1ba7513480b2e7540935f,0.02
0x6e4715475b6c2876778f7df80a15873ac43a7306,0x25cbcfa16e43e58517f80d583087ea89241293e6,0.2
0x6e7cacc6f2b49dfb980663bf2bb014046ac45320,0x25cbcfa16e43e58517f80d583087ea89241293e6,0.2
0x6e7cacc6f2b49dfb980663bf2bb014046ac45320,0x2bd5d2e3d5852ad9960638083cb7c9f493e7a597,0.005
0x6e7cacc6f2b49dfb980663bf2bb014046ac45320,0xc57c5ae582708e619ec1ba7513480b2e7540935f,0.31
0x6e94662f608a083bdf8a61c26006d10f7471507f,0xc57c5ae582708e619ec1ba7513480b2e7540935f,0.060000000000000005
0x6f04064808cc4fe0a57e376976eeefcbcb201ba7,0xabaf40768e575beb3244df2853a0505cb2d2e4bb,0.15
0x6f1b12a415e035eebdc8559130ea8bdb96add48c,0x2bd5d2e3d5852ad9960638083cb7c9f493e7a597,0.005
0x6f1b12a415e035eebdc8559130ea8bdb96add48c,0xabaf40768e575beb3244df2853a0505cb2d2e4bb,0.15
0x6f1b12a415e035eebdc8559130ea8bdb96add48c,0xc57c5ae582708e619ec1ba7513480b2e7540935f,0.01
0x6f40bebf8f5836ac13db8c71445398f54cadc6c8,0xc57c5ae582708e619ec1ba7513480b2e7540935f,0.01
0x70305cd3d6639504f593f00668d7e5b3cfd6cee2,0x25cbcfa16e43e58517f80d583087ea89241293e6,0.05
0x70b1bcb7244fedcaea2c36dc939da3a6f86af793,0x25cbcfa16e43e58517f80d583087ea89241293e6,0.05
0x70d3d73eb2de714ec307889f277728ddde1798c0,0xc57c5ae582708e619ec1ba7513480b2e7540935f,1.06
0x70ece45cdc64a768f936ccb8ac851578251363e3,0x2bd5d2e3d5852ad9960638083cb7c9f493e7a597,0.005
0x70ece45cdc64a768f936ccb8ac851578251363e3,0xabaf40768e575beb3244df2853a0505cb2d2e4bb,0.16
0x70ece45cdc64a768f936ccb8ac851578251363e3,0xc57c5ae582708e619ec1ba7513480b2e7540935f,0.01
0x71cc25e270560ab31d5d2e15e5bf896ebfc4a640,0xabaf40768e575beb3244df2853a0505cb2d2e4bb,0.15
0x71ea92992a66d8f82b31893ca46beeb169b8650b,0xc57c5ae582708e619ec1ba7513480b2e7540935f,0.17
0x71ecd8ea61bf8187613e741f4a1feece53a89658,0xc57c5ae582708e619ec1ba7513480b2e7540935f,0.060000000000000005
0x721931508df2764fd4f70c53da646cb8aed16ace,0x808a2adbd0a3fc679e3f7cd18d4f579bfcaaec9c,0.05
0x7373114727b9175acb2b77d362069b208b925b9d,0xc57c5ae582708e619ec1ba7513480b2e7540935f,0.44999999999999996
0x7405fe24003a50e4f4117d35e9b5a9f5e512fede,0x808a2adbd0a3fc679e3f7cd18d4f579bfcaaec9c,0.05
0x74589f1d916cb421504c07b54a71f4fa2de4dc7e,0xc57c5ae582708e619ec1ba7513480b2e7540935f,0.01
0x74667801993b457b8ccf19d03bbbaa52b7fff43b,0x25cbcfa16e43e58517f80d583087ea89241293e6,0.05
0x751077dfd4942aa28985baa850f4c648d241c863,0xabaf40768e575beb3244df2853a0505cb2d2e4bb,0.01
0x756085e47e85a1c35096112f42f3d3fef17ee35b,0xc57c5ae582708e619ec1ba7513480b2e7540935f,0.01
0x7565deddcb83a14b185eb9520914bb918cdfe983,0xc57c5ae582708e619ec1ba7513480b2e7540935f,0.1
0x75ba5ee883c2ede43282bde16e38d6ca8edccdf3,0xc57c5ae582708e619ec1ba7513480b2e7540935f,0.02
0x75c1e14cd2d114686bd5b765fcfe376176e41f1f,0xc57c5ae582708e619ec1ba7513480b2e7540935f,0.01
0x7686db0ea7aa1f9128e3b3bc51c61af872a6caf1,0x25cbcfa16e43e58517f80d583087ea89241293e6,0.05
0x76ba8674f08b13d6f78d74aa00c594cc9ed965d5,0xc57c5ae582708e619ec1ba7513480b2e7540935f,0.01
0x7721f140c2968d5c639a9b40a1e6ca48a9b7c41d,0x25cbcfa16e43e58517f80d583087ea89241293e6,0.05
0x78885686feec340ab544428f161e7d621f520e29,0xc57c5ae582708e619ec1ba7513480b2e7540935f,0.01
0x78a2b58e4e976e4f63cd3c762a9f6bcf0ddad73f,0x25cbcfa16e43e58517f80d583087ea89241293e6,0.05
0x78adb1b4707b4b75a407dd913238735382451481,0xc57c5ae582708e619ec1ba7513480b2e7540935f,0.02
0x797d72f2d3b05a5a9dbccec5a30a3ead7173f480,0xc57c5ae582708e619ec1ba7513480b2e7540935f,0.22000000000000003
0x7a34431f12a7aefca6938625c64d03907c8c766c,0x25cbcfa16e43e58517f80d583087ea89241293e6,0.05
0x7a71504a0b717a406b6b5c7c4f5e518eab102366,0x25cbcfa16e43e58517f80d583087ea89241293e6,0.05
0x7b3bddf3af1d6e160d57887ff4516cb3c3add495,0x25cbcfa16e43e58517f80d583087ea89241293e6,0.05
0x7bb8536bac7d6e5c4e352ce50be8968d5d6cd445,0xc57c5ae582708e619ec1ba7513480b2e7540935f,0.16000000000000003
0x7bc1d6e8150d4c96917901c26c922dd64654b3c3,0x25cbcfa16e43e58517f80d583087ea89241293e6,0.05
0x7bcd790d1282622da859625f3786be9f33042d50,0xc57c5ae582708e619ec1ba7513480b2e7540935f,0.060000000000000005
0x7c04786f04c522ca664bb8b6804e0d182eec505f,0xc57c5ae582708e619ec1ba7513480b2e7540935f,0.060000000000000005
0x7c6f416d4c4bc5382d1dcf2ca14f5e4eda5a6777,0xabaf40768e575beb3244df2853a0505cb2d2e4bb,0.15
0x7c8879c0ae2813571c08a005538492e77cb21233,0xc57c5ae582708e619ec1ba7513480b2e7540935f,0.01
0x7dd44cd59d0320a8a2a0a6f521bfe767108dd2e3,0xc57c5ae582708e619ec1ba7513480b2e7540935f,0.01
0x7de4e994a6780c1c2ca8ac69bb15246d61ed576f,0xc57c5ae582708e619ec1ba7513480b2e7540935f,0.060000000000000005
0x7de67f14f1b13a1ce9dc6c499cafb83aee2f4c2a,0x25cbcfa16e43e58517f80d583087ea89241293e6,0.05
0x7dfc2053be1b5c9da8bf6468eb1df6a745f0f254,0xc57c5ae582708e619ec1ba7513480b2e7540935f,0.15000000000000002
0x7ef34907ff0e84ed776f6c0294bb1668c0b9c8a6,0x25cbcfa16e43e58517f80d583087ea89241293e6,0.2
0x7efbdd57601b9d5e98fb325f32626ff90aabc110,0xabaf40768e575beb3244df2853a0505cb2d2e4bb,0.15
0x7efe3ac6ec0ff5b6136766ac79a97c1e9d8fd585,0xc57c5ae582708e619ec1ba7513480b2e7540935f,0.2
0x7fdca0a469ea8b50b92322afc0215b67d56a5e9a,0x25cbcfa16e43e58517f80d583087ea89241293e6,0.05
0x808a2adbd0a3fc679e3f7cd18d4f579bfcaaec9c,0x25cbcfa16e43e58517f80d583087ea89241293e6,0.05
0x808a2adbd0a3fc679e3f7cd18d4f579bfcaaec9c,0x808a2adbd0a3fc679e3f7cd18d4f579bfcaaec9c,0.05
0x80c939f8a66c59b37330f93f1002541fd4e51aa2,0x25cbcfa16e43e58517f80d583087ea89241293e6,0.2
0x80c939f8a66c59b37330f93f1002541fd4e51aa2,0xc57c5ae582708e619ec1ba7513480b2e7540935f,0.21000000000000002
0x811454c38ba35adc4c211ed47c79170560e30478,0x25cbcfa16e43e58517f80d583087ea89241293e6,0.05
0x82318b1e52f3162261e1bbd00f13484fdfe89cfa,0xc57c5ae582708e619ec1ba7513480b2e7540935f,0.05
0x8289432acd5eb0214b1c2526a5edb480aa06a9ab,0xc57c5ae582708e619ec1ba7513480b2e7540935f,0.1
0x828ddfb2d0df5b3ca62fc0777c57ae5d78ce7786,0xc57c5ae582708e619ec1ba7513480b2e7540935f,0.01
0x82ec5d22cff969aa01afa7d082891b2cf5714769,0xc57c5ae582708e619ec1ba7513480b2e7540935f,0.21000000000000002
0x830a706f2fa095bdc2d6a4881daa23fb8a5fa709,0x25cbcfa16e43e58517f80d583087ea89241293e6,0.2
0x8341deb328e91796c2976f88db210f0e73187782,0xc57c5ae582708e619ec1ba7513480b2e7540935f,0.33
0x8358fc2dd62c00c1a9cd0fcb577309a4cead2471,0xc57c5ae582708e619ec1ba7513480b2e7540935f,0.01
0x83bb781a2a2ca1fec0350f178c911848811cc440,0x808a2adbd0a3fc679e3f7cd18d4f579bfcaaec9c,0.05
0x844fa8811394f5457561a5597f7dca7b077ae4fe,0x25cbcfa16e43e58517f80d583087ea89241293e6,0.05
0x84da37133a088fbf4e21d80aec2cc260b52ea116,0x25cbcfa16e43e58517f80d583087ea89241293e6,0.05
0x8523d28df853d8a64b5187a458abd5d9b85fb89a,0x25cbcfa16e43e58517f80d583087ea89241293e6,0.05
0x853f52661ab68ce239202306be53f158e948b3c0,0x25cbcfa16e43e58517f80d583087ea89241293e6,0.2
0x85b0a071f50dff09b1d1ad6d1e4e41a1d00d77ed,0x25cbcfa16e43e58517f80d583087ea89241293e6,0.05
0x85e9f01982b79bf33a35be422f6229253dc9f570,0xc57c5ae582708e619ec1ba7513480b2e7540935f,0.01
0x864c56caf3797abeb010c4e8be54973f1cc93d20,0xc57c5ae582708e619ec1ba7513480b2e7540935f,0.9999999999999999
0x86546a5a5fa9481d562e0870304fe7d5e76e9437,0xc57c5ae582708e619ec1ba7513480b2e7540935f,0.11000000000000001
0x86bf97a8356690456f4040dd0172aa3d4d5315e2,0xc57c5ae582708e619ec1ba7513480b2e7540935f,0.6
0x86f63907428cd03576fc980a8f66855731eb0351,0xc57c5ae582708e619ec1ba7513480b2e7540935f,0.01
0x877cdd92852ec06bca8d520372b266dc9195f0af,0x25cbcfa16e43e58517f80d583087ea89241293e6,0.05
0x879e932b55c14ab7ceebb74fe94d2015fdc785b2,0x25cbcfa16e43e58517f80d583087ea89241293e6,0.2
0x87d9c2d9990a9f3a18f1377ff20d9945f9eb3792,0xc57c5ae582708e619ec1ba7513480b2e7540935f,0.05
0x8849f498d306b4122de8274a970d21ba1ad9bc29,0xabaf40768e575beb3244df2853a0505cb2d2e4bb,0.15
0x88b503c81a4fb9c9c5464dd3c6835fc34b2cc85d,0xc57c5ae582708e619ec1ba7513480b2e7540935f,0.01
0x88eaf971d7babed6d13dd31d0aa7dc5c1f3f7989,0xc57c5ae582708e619ec1ba7513480b2e7540935f,0.01
0x88f516c04969f470888473458b5e09342da08b7a,0xc57c5ae582708e619ec1ba7513480b2e7540935f,0.060000000000000005
0x898e4a3efa0aef2a0bdc17d29b129aa3dc70910d,0xc57c5ae582708e619ec1ba7513480b2e7540935f,0.01
0x899416ea9902f505e34155cf5536f9f1ceeb5143,0xc57c5ae582708e619ec1ba7513480b2e7540935f,0.060000000000000005
0x8a07fa8afa2c54bc47da559a0ab4bc15b43bc897,0xc57c5ae582708e619ec1ba7513480b2e7540935f,0.11
0x8adc376f33fd467fdf3293df4eae7de6fd5ccaf1,0x25cbcfa16e43e58517f80d583087ea89241293e6,0.05
0x8b91c0dd24c4fd4f973e49ed8568921e31cf38b7,0xc57c5ae582708e619ec1ba7513480b2e7540935f,0.01
0x8bb5e1374e85effd86103335ff12ce943e9e29e3,0x25cbcfa16e43e58517f80d583087ea89241293e6,0.05
0x8c2e843664be468522769b0d1b3b604a17962249,0xc57c5ae582708e619ec1ba7513480b2e7540935f,0.01
0x8c3b776bdac9a7a4facc3cc20cdb40832bff9005,0xc57c5ae582708e619ec1ba7513480b2e7540935f,0.1
0x8c5ba8d0017c92527daa77b145919a77614dfd9e,0xc57c5ae582708e619ec1ba7513480b2e7540935f,0.3
0x8c913aec7443fe2018639133398955e0e17fb0c1,0xabaf40768e575beb3244df2853a0505cb2d2e4bb,0.15
0x8d07d225a769b7af3a923481e1fdf49180e6a265,0xc57c5ae582708e619ec1ba7513480b2e7540935f,0.12000000000000001
0x8d138c01765483cb79d787ce5933f609cbfdabcf,0xc57c5ae582708e619ec1ba7513480b2e7540935f,0.81
0x8d90370e153499193caff8249bfc75d9e5bd5a45,0xabaf40768e575beb3244df2853a0505cb2d2e4bb,0.15
0x8da02d597a2616e9ec0c82b2b8366b00d69da29a,0xabaf40768e575beb3244df2853a0505cb2d2e4bb,0.15
0x8daf30dea39fb89c5e039065b7d1973863b38352,0x25cbcfa16e43e58517f80d583087ea89241293e6,0.05
0x8dbd839d4fca903c69d109c4e955a2af438a76ea,0x25cbcfa16e43e58517f80d583087ea89241293e6,0.05
0x8e0f23de12910a584d4898787d0a00f9e162aefc,0xc57c5ae582708e619ec1ba7513480b2e7540935f,0.05
0x8e437c286498dd2a6216ede8722e6b742e253269,0xc57c5ae582708e619ec1ba7513480b2e7540935f,0.060000000000000005
0x8f02b07bcf350f8d390197a7eb90bd4ef0222f12,0xabaf40768e575beb3244df2853a0505cb2d2e4bb,0.15
0x8f08ee5e3e44bdc28127e050fcb13f5e4671433d,0xabaf40768e575beb3244df2853a0505cb2d2e4bb,0.15
0x8f11796c0d93a54039f626ab4f17b4398d659ec4,0xc57c5ae582708e619ec1ba7513480b2e7540935f,0.21000000000000002
0x8f5e117858b96780ae6c0f2ac9616fd313b8a501,0xabaf40768e575beb3244df2853a0505cb2d2e4bb,0.01
0x8f6c2b70f1ae03db5c92d25bdc13d4027faa4e18,0x25cbcfa16e43e58517f80d583087ea89241293e6,0.05
0x8f97c9ba31097e5c0f96a492ecfdbf92be5b4126,0xc57c5ae582708e619ec1ba7513480b2e7540935f,0.060000000000000005
0x8fac841807e21807f511daf3c04a34cd78661f4c,0xabaf40768e575beb3244df2853a0505cb2d2e4bb,0.15
0x8fd500ee7ab804f4d12649a7b96e08693a8c4cf6,0xc57c5ae582708e619ec1ba7513480b2e7540935f,0.01
0x90b0dec1f1bba847015904c115b8a99bf22925c5,0xc57c5ae582708e619ec1ba7513480b2e7540935f,0.01
0x9115b05c877ac8f2f8c02aeaea35f58427790e66,0x25cbcfa16e43e58517f80d583087ea89241293e6,0.05
0x931292c42a5f600e80d75b7c7743f0164240882c,0xabaf40768e575beb3244df2853a0505cb2d2e4bb,0.15
0x9389e143dff86096766cd9ff82198857745a8d7b,0xc57c5ae582708e619ec1ba7513480b2e7540935f,0.060000000000000005
0x942cbea64876ff0b2e23c0712b37dc0091804e9c,0x25cbcfa16e43e58517f80d583087ea89241293e6,0.05
0x942cbea64876ff0b2e23c0712b37dc0091804e9c,0x808a2adbd0a3fc679e3f7cd18d4f579bfcaaec9c,0.05
0x942cbea64876ff0b2e23c0712b37dc0091804e9c,0x942cbea64876ff0b2e23c0712b37dc0091804e9c,0.001
0x942cbea64876ff0b2e23c0712b37dc0091804e9c,0xabaf40768e575beb3244df2853a0505cb2d2e4bb,0.15
0x94a0321182f95b4b54537a6dd78df5750df3513c,0xc57c5ae582708e619ec1ba7513480b2e7540935f,0.11000000000000001
0x94ea1fc190f440e8e109ca1ae8540a4efa1dcec5,0xabaf40768e575beb3244df2853a0505cb2d2e4bb,0.15
0x95b1a87849edb0bf836c843683369fa3f9e28101,0xc57c5ae582708e619ec1ba7513480b2e7540935f,0.15000000000000002
0x95ba6cd902c5ccef17877961b3799e3b50e54294,0xc57c5ae582708e619ec1ba7513480b2e7540935f,0.11000000000000001
0x9687d62c9e387b85f89f4a244fa92eda1582575d,0xc57c5ae582708e619ec1ba7513480b2e7540935f,0.01
0x96dc89dbe84970ee42a2f0b35fb50599e6745ff8,0xc57c5ae582708e619ec1ba7513480b2e7540935f,0.26
0x9798a181e731ee9d3abffc5ae15c93ca3d95a8e3,0xc57c5ae582708e619ec1ba7513480b2e7540935f,0.05
0x97cdef79d441e922ce30cbe88c63f83773e78c19,0xc57c5ae582708e619ec1ba7513480b2e7540935f,0.01
0x98397a068d413d3c92a506f98c5f25d33a9dac14,0x2bd5d2e3d5852ad9960638083cb7c9f493e7a597,0.005
0x98397a068d413d3c92a506f98c5f25d33a9dac14,0xabaf40768e575beb3244df2853a0505cb2d2e4bb,0.15
0x9885a84930e3c8c865a1d3debdc204f990bab7c3,0xc57c5ae582708e619ec1ba7513480b2e7540935f,0.21000000000000002
0x98de69fc87790bf9679e5b781a03e6821f3d2f75,0xc57c5ae582708e619ec1ba7513480b2e7540935f,0.1
0x9994832a4980bcd500b44ceacba77efe5226304a,0xabaf40768e575beb3244df2853a0505cb2d2e4bb,0.15
0x99f4f03f53dc5cb4a1bb01ebbe29a5a4104c1ead,0x808a2adbd0a3fc679e3f7cd18d4f579bfcaaec9c,0.05
0x9a95c18b665e06558d01e6934d1d9c21f12b407e,0x25cbcfa16e43e58517f80d583087ea89241293e6,0.05
0x9b815dd3e2d30cfef33266fa4c6a7b37bd99edfe,0xc57c5ae582708e619ec1ba7513480b2e7540935f,0.060000000000000005
0x9ba0022ec84e92dceac90d0a22e3a857ba37bfe6,0x25cbcfa16e43e58517f80d583087ea89241293e6,0.05
0x9c6c5f1b566d579cf3892b2e22bcba7d9380dcd5,0x25cbcfa16e43e58517f80d583087ea89241293e6,0.2
0x9ccd50cbdeea92e14ea6c6941955a0bb7dce2df5,0x25cbcfa16e43e58517f80d583087ea89241293e6,0.05
0x9d2e54dfae6a4344c9a9db96b19b013feb88bbe6,0xabaf40768e575beb3244df2853a0505cb2d2e4bb,0.15
0x9d6a2716f843d84e2bf81127ffff5176a0b647c2,0xc57c5ae582708e619ec1ba7513480b2e7540935f,0.01
0x9daaad3989d9d3149a8620a8ef8ca5db2cddfc38,0xc57c5ae582708e619ec1ba7513480b2e7540935f,0.21000000000000002
0x9dd78c90b154aca6d9c1b6b0bf4cfdf6088a19e5,0xc57c5ae582708e619ec1ba7513480b2e7540935f,0.21000000000000002
0x9e21366fce4b248c0c17582ccfdfe45e3e9cc6a3,0xc57c5ae582708e619ec1ba7513480b2e7540935f,0.01
0x9fdf724bcdf9392bd4b99a1c463ec674bc891bb9,0x25cbcfa16e43e58517f80d583087ea89241293e6,0.05
0x9fecf056375a973308bb3d6fb6b1c230cfd21456,0xc57c5ae582708e619ec1ba7513480b2e7540935f,0.1
0xa01706f3c3eab7db6491d4f500211f5682aada52,0xc57c5ae582708e619ec1ba7513480b2e7540935f,0.01
0xa01dd79c6a09cd5d51278dba059114bc2cb5ebce,0xc57c5ae582708e619ec1ba7513480b2e7540935f,0.11
0xa06137b61301aebfa7b6a0c8939d1e8528045782,0xc57c5ae582708e619ec1ba7513480b2e7540935f,0.01
0xa078f3c6df93c0e1ccf012bca1d94fce9d157aa4,0x25cbcfa16e43e58517f80d583087ea89241293e6,0.2
0xa0cb49b51a8178f6028dadbfd4402b4c1e080eb9,0xc57c5ae582708e619ec1ba7513480b2e7540935f,0.01
0xa0cf798816d4b9b9866b5330eea46a18382f251e,0x25cbcfa16e43e58517f80d583087ea89241293e6,0.25
0xa0d1d78f99e7c2890b0d46d8aaf9e9584fee5a2a,0x25cbcfa16e43e58517f80d583087ea89241293e6,0.05
0xa127534b8ae63ad38839a598a00c3f42b6fb1ddc,0xc57c5ae582708e619ec1ba7513480b2e7540935f,0.21000000000000002
0xa15ca74e65bf72730811abf95163e89ad9b9dff6,0x25cbcfa16e43e58517f80d583087ea89241293e6,0.2
0xa16c83873cd1ab889efa411be0141d52d78b98cb,0xc57c5ae582708e619ec1ba7513480b2e7540935f,1.8700000000000012
0xa2bf1b0a7e079767b4701b5a1d9d5700eb42d1d1,0xc57c5ae582708e619ec1ba7513480b2e7540935f,0.11
0xa2d30c51e5175e3d1d2031f25cbd355179a7bdf7,0xc57c5ae582708e619ec1ba7513480b2e7540935f,0.01
0xa32e9a93407c629d1a952bdadc0d2f72887d0326,0xc57c5ae582708e619ec1ba7513480b2e7540935f,0.02
0xa33c7f924399b59a8ee627388a108beab5e12eaf,0xc57c5ae582708e619ec1ba7513480b2e7540935f,0.01
0xa3ad63d3a57da17916666d3a71319874018079e5,0xc57c5ae582708e619ec1ba7513480b2e7540935f,0.01
0xa3ceca57e4bee224a7fe7aa46ae7f4418d54cf8d,0xc57c5ae582708e619ec1ba7513480b2e7540935f,0.05
0xa4142a998eed156228b2f925a43fcea25f363cc5,0xabaf40768e575beb3244df2853a0505cb2d2e4bb,0.01
0xa49958fa14309f3720159c83cd92c5f38b1e3306,0x25cbcfa16e43e58517f80d583087ea89241293e6,0.05
0xa4b2adb7c0afef6542af0bf25cafc818e9295681,0xc57c5ae582708e619ec1ba7513480b2e7540935f,0.15000000000000002
0xa4ca1b15fe81f57cb2d3f686c7b13309906cd37b,0xc57c5ae582708e619ec1ba7513480b2e7540935f,0.060000000000000005
0xa4f95d10869c9e848bf0011b99e463d670aa3eb8,0xc57c5ae582708e619ec1ba7513480b2e7540935f,0.05
0xa5ae650aac0072d1ac714f27e1cdc954bfea6717,0xc57c5ae582708e619ec1ba7513480b2e7540935f,0.01
0xa753e050948ff5bfb4b695f870b3407f85f6def1,0xc57c5ae582708e619ec1ba7513480b2e7540935f,0.21000000000000002
0xa7cc8da2a472612aeb25218a4fb9d995fa3472a6,0xc57c5ae582708e619ec1ba7513480b2e7540935f,0.01
0xa8672c3cef0dce305102f20ac820c921c91ff7e2,0xabaf40768e575beb3244df2853a0505cb2d2e4bb,0.15
0xa87a188f6c1647f337b916df8786a470612c7375,0xc57c5ae582708e619ec1ba7513480b2e7540935f,0.060000000000000005
0xa8a33539960ef4779cb0eceded8002c1ecd40582,0x25cbcfa16e43e58517f80d583087ea89241293e6,0.05
0xa98862a73b69946f8dad60bf6db9aabe86480377,0xc57c5ae582708e619ec1ba7513480b2e7540935f,0.01
0xa9f078b3b6dd6c04308f19def394b6d5a1b8b732,0x25cbcfa16e43e58517f80d583087ea89241293e6,0.2
0xaa10a6f064cd2daab21633911ef51a72868b0b61,0xc57c5ae582708e619ec1ba7513480b2e7540935f,0.07
0xaa11fe3675f1c80395d1d02382ca859251536230,0xc57c5ae582708e619ec1ba7513480b2e7540935f,0.01
0xaa2e61bd52d62cccc988e3dd1e38fc10c25741e5,0xc57c5ae582708e619ec1ba7513480b2e7540935f,0.2
0xaaa1d204d78de81a6eff5264928a6b49ee748050,0xabaf40768e575beb3244df2853a0505cb2d2e4bb,0.16
0xaac2033b1b7bff295e3a0b016477c4bf5c8c355d,0xc57c5ae582708e619ec1ba7513480b2e7540935f,0.01
0xab45160c38e9781347fad728b7331e2601812198,0xc57c5ae582708e619ec1ba7513480b2e7540935f,0.05
0xabaf40768e575beb3244df2853a0505cb2d2e4bb,0xabaf40768e575beb3244df2853a0505cb2d2e4bb,0.01
0xabee5597eb23afde43f0b6654cd60ab8329556c7,0x25cbcfa16e43e58517f80d583087ea89241293e6,0.2
0xac4361f56c82ed59d533d45129f407015d84702a,0xc57c5ae582708e619ec1ba7513480b2e7540935f,0.060000000000000005
0xac468a4e2faa12c8fe721db29d6ac502b2998bfe,0xc57c5ae582708e619ec1ba7513480b2e7540935f,0.01
0xaca4ab44dcd2ec6982bb5238bf1daf268c159699,0xc57c5ae582708e619ec1ba7513480b2e7540935f,0.01
0xacf4c2950107ef9b1c37faa1f9a866c8f0da88b9,0xc57c5ae582708e619ec1ba7513480b2e7540935f,0.060000000000000005
0xad62d4fdd2d071536dbcb72202f1ef51b17ece30,0xc57c5ae582708e619ec1ba7513480b2e7540935f,0.01
0xaed58605cf7d6a9396f7c0539d51df6763808208,0x25cbcfa16e43e58517f80d583087ea89241293e6,0.05
0xaf045cb0dbc1225948482e4692ec9dc7bb3cd48b,0x25cbcfa16e43e58517f80d583087ea89241293e6,0.05
0xafd9ea5cea243eea8d8fdb7fe74b27f0e53a0be0,0x25cbcfa16e43e58517f80d583087ea89241293e6,0.05
0xaff4372a4ced3bba7858a7072066f363be2be078,0xc57c5ae582708e619ec1ba7513480b2e7540935f,0.21000000000000002
0xb0044b26961ff88459d93e7d8c8647fc868398e1,0xc57c5ae582708e619ec1ba7513480b2e7540935f,0.11
0xb0623c91c65621df716ab8afe5f66656b21a9108,0x25cbcfa16e43e58517f80d583087ea89241293e6,0.05
0xb0d9ba60e781305852f7d4e1f8a853664bfd2e46,0x25cbcfa16e43e58517f80d583087ea89241293e6,0.05
0xb11b38a7c3fdb1a151050dd13e62ec63c611ab47,0xc57c5ae582708e619ec1ba7513480b2e7540935f,0.01
0xb15f50e5ad35f29bf52601d6629b3de44a3b922e,0x25cbcfa16e43e58517f80d583087ea89241293e6,0.05
0xb15f50e5ad35f29bf52601d6629b3de44a3b922e,0xabaf40768e575beb3244df2853a0505cb2d2e4bb,0.15
0xb2ea21dff38691db9f1ba280e8bad1683132702d,0xc57c5ae582708e619ec1ba7513480b2e7540935f,0.01
0xb2ee477ced8d69afdb5707b31170c782f5f26f5b,0xc57c5ae582708e619ec1ba7513480b2e7540935f,0.8600000000000003
0xb34e1df2be83618aabd9ba8c6277b11f6ccd6b8b,0xc57c5ae582708e619ec1ba7513480b2e7540935f,0.05
0xb366e2348ca1e6d46d9124e719be8a7cf4b1dc86,0xc57c5ae582708e619ec1ba7513480b2e7540935f,0.11000000000000001
0xb3884d43eba3f2f7585f3a23f854c150ac31b0e5,0xc57c5ae582708e619ec1ba7513480b2e7540935f,0.01
0xb464ca834796272e08dc6460940b281b046a2cee,0xc57c5ae582708e619ec1ba7513480b2e7540935f,0.11
0xb521a79c35cd2ea5ab3ef47d5a890d70a4113d98,0xc57c5ae582708e619ec1ba7513480b2e7540935f,0.15000000000000002
0xb572822cc2bc97dfb880320b5114f24131df5fdd,0xabaf40768e575beb3244df2853a0505cb2d2e4bb,0.15
0xb599b647f727d60ac937fa83795a4df691521320,0xc57c5ae582708e619ec1ba7513480b2e7540935f,0.060000000000000005
0xb618aacb9dcdc21ca69d310a6fc04674d293a193,0xc57c5ae582708e619ec1ba7513480b2e7540935f,0.11000000000000001
0xb683a2056526162c4771d363204af41ea8c1ec52,0x25cbcfa16e43e58517f80d583087ea89241293e6,0.05
0xb68468e48bf7263797ad9e1d50884def7a4f8e74,0xc57c5ae582708e619ec1ba7513480b2e7540935f,0.01
0xb72ed8401892466ea8af528c1af1d0524bc5e105,0xc57c5ae582708e619ec1ba7513480b2e7540935f,0.15000000000000002
0xb773195c09ed037d21cfdbb94882cc7bc841dc64,0xfc4852b5e3af65058cdfe1d1dce26946c0c1975f,0.0
0xb79411ca5481024f3d176135e96c96e4046661d2,0xc57c5ae582708e619ec1ba7513480b2e7540935f,0.01
0xb7f6227f09cf8bd2c8897c71d3b980f42ac95544,0xc57c5ae582708e619ec1ba7513480b2e7540935f,0.01
0xb8332710ab60a1b2e8fe6d775d83524c9e0ce136,0x25cbcfa16e43e58517f80d583087ea89241293e6,0.05
0xb8b251e3d23d1beb45331c430ee12ef6fdca19dd,0x25cbcfa16e43e58517f80d583087ea89241293e6,0.05
0xb9b079fd21ce77a2c559431057a72b3d63ebb05d,0xc57c5ae582708e619ec1ba7513480b2e7540935f,0.01
0xba0111f5ec1b6f2f092e9730f5f64840f3b42c95,0xc57c5ae582708e619ec1ba7513480b2e7540935f,0.02
0xba01b079cf897f335b27d915c1ea81dc008516d6,0x25cbcfa16e43e58517f80d583087ea89241293e6,0.1
0xba7281e9ca2dd60318b3c9dfbbe9d604cd80680e,0x25cbcfa16e43e58517f80d583087ea89241293e6,0.05
0xbb379331de54a7c0a4b2bff5a54a14cdba7e9e6d,0xc57c5ae582708e619ec1ba7513480b2e7540935f,0.060000000000000005
0xbb3f043290841b97b9c92f6bc001a020d4b33255,0x25cbcfa16e43e58517f80d583087ea89241293e6,0.05
0xbb8b039c01c8caa9f3c71e0273de4b3c24003bfc,0xc57c5ae582708e619ec1ba7513480b2e7540935f,0.05
0xbb8b504626e9887b535dbbd90bb5b85c9ebb5407,0xc57c5ae582708e619ec1ba7513480b2e7540935f,0.01
0xbc4dae19fb6eb6a71500a170be6dde55140d7045,0xc57c5ae582708e619ec1ba7513480b2e7540935f,0.060000000000000005
0xbc79c7139c87df965f0f4c24747f326d1864c5af,0xc57c5ae582708e619ec1ba7513480b2e7540935f,0.05
0xbd19a3f0a9cace18513a1e2863d648d13975cb30,0xabaf40768e575beb3244df2853a0505cb2d2e4bb,0.15
0xbd4eb0295468c80725017f74113f5aebbd6e8d12,0xabaf40768e575beb3244df2853a0505cb2d2e4bb,0.01
0xbd8511ec3ae39e8266280dc10552642e498f9c2b,0xc57c5ae582708e619ec1ba7513480b2e7540935f,0.01
0xbdc4a5c0ff7275736cad102c7408555fb5d6c495,0xc57c5ae582708e619ec1ba7513480b2e7540935f,0.01
0xbe05aef9432fab77dbd9a7cff01aae797c2596e2,0xc57c5ae582708e619ec1ba7513480b2e7540935f,0.01
0xbe40dcadb6bf4de1c7810eca3504e5f3bea9cf35,0xabaf40768e575beb3244df2853a0505cb2d2e4bb,0.15
0xbe81cca2fc9f28e24ede0363ddfcdcba31ab1e3f,0xabaf40768e575beb3244df2853a0505cb2d2e4bb,0.01
0xbfdb50dc66c8df9fd9688d8fe5a0c34126427645,0x2bd5d2e3d5852ad9960638083cb7c9f493e7a597,0.005
0xc071823c582c2ecdfe5306f20af4e5bd3c51e25e,0xc57c5ae582708e619ec1ba7513480b2e7540935f,0.01
0xc09d3402515676b81a2f768c365146ea3faa5605,0xc57c5ae582708e619ec1ba7513480b2e7540935f,0.01
0xc0e2324817eaefd075af9f9faf52ffaef45d0c04,0xc57c5ae582708e619ec1ba7513480b2e7540935f,0.01
0xc136fcfb1667e5e882b94941efa104447f248560,0xc57c5ae582708e619ec1ba7513480b2e7540935f,0.01
0xc1b638abafa47d63521bda15f8d778fee4f96b97,0xc57c5ae582708e619ec1ba7513480b2e7540935f,0.01
0xc1bdd1e725149a533c1d56636b93ff18140930e4,0xc57c5ae582708e619ec1ba7513480b2e7540935f,0.01
0xc1dd8204aaa49bf7f44037b35edae84045f2bd85,0xc57c5ae582708e619ec1ba7513480b2e7540935f,0.060000000000000005
0xc2478f44503776569334eb05083111d60d39349c,0xc57c5ae582708e619ec1ba7513480b2e7540935f,0.01
0xc2d14c396822ba325aa8c8d0f6213828cb69d925,0xc57c5ae582708e619ec1ba7513480b2e7540935f,0.75
0xc2f82a1f287b5b5aebff7c19e83e0a16cf3bd041,0x25cbcfa16e43e58517f80d583087ea89241293e6,0.2
0xc3250be2f664db7b423973adfd400e4c5541a445,0xc57c5ae582708e619ec1ba7513480b2e7540935f,0.35
0xc3580d20b7577e7388eff874ab203acd6fffdb30,0xc57c5ae582708e619ec1ba7513480b2e7540935f,0.05
0xc4ebb122eec9b455be660d3a5ce75f377417c391,0x25cbcfa16e43e58517f80d583087ea89241293e6,0.05
0xc561c9b7035732b4ebdbae6ac43d6a293ab53896,0xc57c5ae582708e619ec1ba7513480b2e7540935f,0.01
0xc5e1569772b2d425ac9469d39f17341c01e1cf4c,0xc57c5ae582708e619ec1ba7513480b2e7540935f,0.060000000000000005
0xc5f1934250558ec8dd6b7352603508336c5d9ed6,0xabaf40768e575beb3244df2853a0505cb2d2e4bb,0.15
0xc5fa4f262a140b29b76cd3835b112ac0ac49a6c2,0xabaf40768e575beb3244df2853a0505cb2d2e4bb,0.15
0xc68bba423525576c7684e7ea25e7d5f079b1361e,0x25cbcfa16e43e58517f80d583087ea89241293e6,0.05
0xc69a01f038618564aa1b3498052d699511785da4,0x25cbcfa16e43e58517f80d583087ea89241293e6,0.05
0xc6bafe1a6b3e181f26c9f328e340f0ed06558d73,0xc57c5ae582708e619ec1ba7513480b2e7540935f,0.21000000000000002
0xc6c2e42751e3bdc02d2f5db8939639fc2797e497,0xc57c5ae582708e619ec1ba7513480b2e7540935f,0.01
0xc70b0b44e47e8604b4234f2d2d8e79540b0cf64b,0xc57c5ae582708e619ec1ba7513480b2e7540935f,0.01
0xc776e785fb900dbb8846b5fdf30630f48b0cac5e,0xc57c5ae582708e619ec1ba7513480b2e7540935f,0.16000000000000003
0xc7c12e35f6f10863d51e541dd143a9f6a6c8cbc8,0xc57c5ae582708e619ec1ba7513480b2e7540935f,0.01
0xc7d47d741007f1f4488b4ce23ec0b0ffa592f680,0xabaf40768e575beb3244df2853a0505cb2d2e4bb,0.15
0xc85a331d43bc06aa03152519f43386a00129134a,0x25cbcfa16e43e58517f80d583087ea89241293e6,0.05
0xc910c7c425bbad5e733eb7a8ad4b9c4848321131,0xc57c5ae582708e619ec1ba7513480b2e7540935f,0.11000000000000001
0xca4ad39f872e89ef23eabd5716363fc22513e147,0xabaf40768e575beb3244df2853a0505cb2d2e4bb,0.15
0xcb07bcb66b8e796429fdeed4628c9dd4062f829c,0xc57c5ae582708e619ec1ba7513480b2e7540935f,0.01
0xcb3f62c3be664aa923517b97eab2a97e262de825,0xc57c5ae582708e619ec1ba7513480b2e7540935f,0.060000000000000005
0xcb42ac441fcade3935243ea118701f39aa004486,0x25cbcfa16e43e58517f80d583087ea89241293e6,0.2
0xcb603263a79db06d20e06b1023098e7faa30930b,0xc57c5ae582708e619ec1ba7513480b2e7540935f,0.01
0xcb630c28658d8b4f0509d628d8d947e6f95ea20a,0xc57c5ae582708e619ec1ba7513480b2e7540935f,0.01
0xcc01092e421687390604e101524f60694079b3a1,0x25cbcfa16e43e58517f80d583087ea89241293e6,0.05
0xcc65fa278b917042822538c44ba10ad646824026,0x25cbcfa16e43e58517f80d583087ea89241293e6,0.25
0xcc65fa278b917042822538c44ba10ad646824026,0x2bd5d2e3d5852ad9960638083cb7c9f493e7a597,0.005
0xcc65fa278b917042822538c44ba10ad646824026,0x808a2adbd0a3fc679e3f7cd18d4f579bfcaaec9c,0.05
0xcc65fa278b917042822538c44ba10ad646824026,0x942cbea64876ff0b2e23c0712b37dc0091804e9c,0.001
0xcc65fa278b917042822538c44ba10ad646824026,0xc57c5ae582708e619ec1ba7513480b2e7540935f,0.01
0xcc72f778eedd8e337e6cb58ca9ec8ba2912e71dc,0xc57c5ae582708e619ec1ba7513480b2e7540935f,0.11000000000000001
0xce3696f3b57db19e5ebe014aa2d5636e87f9f22d,0xc57c5ae582708e619ec1ba7513480b2e7540935f,0.5
0xcea70a987102b46515ed2f889ae9a39db04de57e,0xabaf40768e575beb3244df2853a0505cb2d2e4bb,0.15
0xd03ff5274e6ff0b43cee31cafe1c40324fe5d33c,0xc57c5ae582708e619ec1ba7513480b2e7540935f,0.21000000000000002
0xd047b65f54f4aa8eae6bb9f3d9d5d126fe722b9f,0xabaf40768e575beb3244df2853a0505cb2d2e4bb,0.15
0xd0bd27c7bcbd0ce9310271989f0f2640c143542f,0xabaf40768e575beb3244df2853a0505cb2d2e4bb,0.16
0xd1b856ee12bd00922cae8dd86ab068f8c0f95224,0xc57c5ae582708e619ec1ba7513480b2e7540935f,0.01
0xd1d43e08815a1806881454812cb26fe689205682,0x25cbcfa16e43e58517f80d583087ea89241293e6,0.2
0xd22f4c8e05339dfcfd927bd688ed9ebac84484d7,0xc57c5ae582708e619ec1ba7513480b2e7540935f,0.01
0xd23703521516458f979d7c951865979051d62892,0xc57c5ae582708e619ec1ba7513480b2e7540935f,0.01
0xd266c194e126d4fcfc85e8c665ed7f668f6aae93,0xc57c5ae582708e619ec1ba7513480b2e7540935f,0.21000000000000002
0xd4e6fd78c21085d01dbd596d287360d746acf4d8,0x2bd5d2e3d5852ad9960638083cb7c9f493e7a597,0.005
0xd5481575130a7decf4503c81a50152b3753031f9,0xabaf40768e575beb3244df2853a0505cb2d2e4bb,0.15
0xd56e3e325133efed6b1687c88571b8a91e517ab0,0x808a2adbd0a3fc679e3f7cd18d4f579bfcaaec9c,0.05
0xd5780cd96fbedb2375d365223ebf2c406a04801d,0x25cbcfa16e43e58517f80d583087ea89241293e6,0.05
0xd714d0582b2b15c86f53a2fe877abef986222599,0x25cbcfa16e43e58517f80d583087ea89241293e6,0.05
0xd73b8775d5217f342196faae558844f2ba6696c4,0xc57c5ae582708e619ec1ba7513480b2e7540935f,0.25
0xd7bf25d6367e5888da8f26a06ce9a74b16dfcc4f,0xc57c5ae582708e619ec1ba7513480b2e7540935f,0.05
0xd7eb093ad52e08a5defaac67e65486300aaed91b,0x25cbcfa16e43e58517f80d583087ea89241293e6,0.25
0xd80961fd464f05a39ab5580c38fa557bcdf317e7,0xc57c5ae582708e619ec1ba7513480b2e7540935f,0.1
0xd98e44d09660a89022515d6d41662d05a14253e7,0xc57c5ae582708e619ec1ba7513480b2e7540935f,0.01
0xd9c4475e2dd89a9a0ad0c1e9a1e1bb28df7ba298,0x25cbcfa16e43e58517f80d583087ea89241293e6,0.2
0xd9fdd7314cc201bcb3a1a5455b4c458a76eca718,0xc57c5ae582708e619ec1ba7513480b2e7540935f,0.01
0xda59a5ec18a3bc48f1346a1a439aee253405f2a1,0xc57c5ae582708e619ec1ba7513480b2e7540935f,0.21000000000000002
0xda7eb8e1b2adc58a84be474dad972f203d9e05a5,0xabaf40768e575beb3244df2853a0505cb2d2e4bb,0.15
0xdad3fd6c9fb0c2b56228e58ae191b62bfb1bec83,0x25cbcfa16e43e58517f80d583087ea89241293e6,0.05
0xdafa9e3dae493f0b9d6872eff4fda0f40d1b7488,0x25cbcfa16e43e58517f80d583087ea89241293e6,0.05
0xdafa9e3dae493f0b9d6872eff4fda0f40d1b7488,0x2bd5d2e3d5852ad9960638083cb7c9f493e7a597,0.005
0xdafa9e3dae493f0b9d6872eff4fda0f40d1b7488,0x445d959751d21b6a460b30d0cd0c88ce63b01847,0.01
0xdb74b541951cd2d35fc19b81ed62a87a1675282e,0xc57c5ae582708e619ec1ba7513480b2e7540935f,0.02
0xdc02fe7d24ecd56cf1f180b482d4593094c6a157,0xc57c5ae582708e619ec1ba7513480b2e7540935f,0.01
0xdc181e57db8b36ae18bc6857d7e9afd046b6de1d,0xc57c5ae582708e619ec1ba7513480b2e7540935f,0.21000000000000002
0xdc2ee21439a75a3794b8a1c7734548067ba2e6f7,0xabaf40768e575beb3244df2853a0505cb2d2e4bb,0.15
0xdd04eab7db82ac64446cccf79c6fba7607942df2,0xc57c5ae582708e619ec1ba7513480b2e7540935f,0.01
0xdd66130652e39e8068892a26fd5655d0c43dd27d,0xc57c5ae582708e619ec1ba7513480b2e7540935f,0.02
0xddc674c29f2b34fc2338b719c0ae711b063eeadb,0xabaf40768e575beb3244df2853a0505cb2d2e4bb,0.15
0xde89db35d4aaa281904faccf48033a66003ea50d,0x25cbcfa16e43e58517f80d583087ea89241293e6,0.1
0xdfaf06fdc7aceb1086a4ab72e4e21cb97ef98dc8,0xc57c5ae582708e619ec1ba7513480b2e7540935f,0.01
0xdfdf2d882d9ebce6c7eac3da9ab66cbfda263781,0xc57c5ae582708e619ec1ba7513480b2e7540935f,0.16
0xe01a97fc4607a388a41626d5e039fdecbfc6acd9,0xc57c5ae582708e619ec1ba7513480b2e7540935f,0.32
0xe0a0fa1a9f35a8b8e638469456d9d4a408932313,0x25cbcfa16e43e58517f80d583087ea89241293e6,0.2
0xe14fe7690cf379ea59aecaebae223a97d25e8a92,0xc57c5ae582708e619ec1ba7513480b2e7540935f,0.060000000000000005
0xe158dcc1779fce4c48c8d3155ec35fae7c52d093,0xc57c5ae582708e619ec1ba7513480b2e7540935f,0.01
0xe1859624be443eb2e81c93c693131ebe82ae2fe5,0xc57c5ae582708e619ec1ba7513480b2e7540935f,0.07
0xe1ea582e896ae8541fb7c44b71d8a6cd2cafa339,0xc57c5ae582708e619ec1ba7513480b2e7540935f,0.11
0xe340b00b6b622c136ffa5cff130ec8edcddcb39d,0xc57c5ae582708e619ec1ba7513480b2e7540935f,0.1
0xe3a4627e7b52118c5c48f75ce781433927cc2c98,0xc57c5ae582708e619ec1ba7513480b2e7540935f,0.11
0xe4067ed66738dbdc7b8917703c8c380d898033f8,0xabaf40768e575beb3244df2853a0505cb2d2e4bb,0.01
0xe4709a6bc622d60ee15a29880561c85c7fdac46d,0xc57c5ae582708e619ec1ba7513480b2e7540935f,0.25000000000000006
0xe4923dc5dab780310e84d2857dd69601aa0b1619,0xc57c5ae582708e619ec1ba7513480b2e7540935f,0.01
0xe4cbda373d6a445f83fc9125c6230ba58bc08320,0x25cbcfa16e43e58517f80d583087ea89241293e6,0.05
0xe4fb2c5bd24fb3c344b98a5f51010eaaba47c9e4,0xc57c5ae582708e619ec1ba7513480b2e7540935f,0.060000000000000005
0xe4fb9ca52e39b83be69e74e7fac8f807a9c16ef9,0xc57c5ae582708e619ec1ba7513480b2e7540935f,0.1
0xe5700a95c6a5fa12b8485f2a6e9da0cf92bd3618,0x25cbcfa16e43e58517f80d583087ea89241293e6,0.05
0xe5be77e6e9cfcae7f24dbf9a20f0fb24ef5b555c,0x25cbcfa16e43e58517f80d583087ea89241293e6,0.05
0xe5cd62ac8d2ca2a62a04958f07dd239c1ffe1a9e,0xabaf40768e575beb3244df2853a0505cb2d2e4bb,0.01
0xe626e8ca82603e3b44751f8562b5ed126d345140,0xc57c5ae582708e619ec1ba7513480b2e7540935f,0.01
0xe62d071ea99a63798fec7222c483c53e87f2a32e,0x2bd5d2e3d5852ad9960638083cb7c9f493e7a597,0.005
0xe62d071ea99a63798fec7222c483c53e87f2a32e,0xabaf40768e575beb3244df2853a0505cb2d2e4bb,0.16
0xe66e1e9e37e4e148b21eb22001431818e980d060,0xc57c5ae582708e619ec1ba7513480b2e7540935f,0.01
0xe6ea6de4a06ad97bf2655cfca63f9fc8e772173e,0xc57c5ae582708e619ec1ba7513480b2e7540935f,0.01
0xe7458abb03af00342993b63e6dcead3ff8ed4d0a,0xc57c5ae582708e619ec1ba7513480b2e7540935f,0.05
0xe75b05cf7f73c2808c711d38488cc8e0186d259e,0xc57c5ae582708e619ec1ba7513480b2e7540935f,0.42000000000000004
0xe782657a1043062087232b3c20c4d25e2a982cb3,0xc57c5ae582708e619ec1ba7513480b2e7540935f,0.01
0xe78d15ea83675cfb6c087ebbf8fe44e200cacc31,0xc57c5ae582708e619ec1ba7513480b2e7540935f,0.060000000000000005
0xe7dae42dee2bb6c1ef3c65e68d3e605fabca875d,0xc57c5ae582708e619ec1ba7513480b2e7540935f,0.060000000000000005
0xe826f1c06d5ae90e4c098459d1b7464a8dc604ca,0xc57c5ae582708e619ec1ba7513480b2e7540935f,0.05
0xe8c9996f7f1e3678e8be76254ed74642fbeade90,0xc57c5ae582708e619ec1ba7513480b2e7540935f,0.01
0xe8cd4cb68dd4c79d118368f36d8564f3134c180d,0xc57c5ae582708e619ec1ba7513480b2e7540935f,0.01
0xe937e88591f641a689e2132a6f633d7b6b1a54c8,0xc57c5ae582708e619ec1ba7513480b2e7540935f,0.21000000000000002
0xe93fb6784e7cec8fb8d283a70295df714f3c0db7,0xc57c5ae582708e619ec1ba7513480b2e7540935f,0.05
0xe9e0755de5100c73e275ba59bab5514086627305,0xc57c5ae582708e619ec1ba7513480b2e7540935f,0.2
0xe9e666bb3b0cb8b435cc79a825d296262ce15533,0xc57c5ae582708e619ec1ba7513480b2e7540935f,0.01
0xe9e9206b598f6fc95e006684fe432f100e876110,0xc57c5ae582708e619ec1ba7513480b2e7540935f,0.11
0xea0ef6c6bacea7675f2adeff2a59373fbaa04697,0x25cbcfa16e43e58517f80d583087ea89241293e6,0.2
0xeae89e8ced8ee71b064c3601e19e253605b988fe,0xabaf40768e575beb3244df2853a0505cb2d2e4bb,0.15
0xeb54d707252ee9e26e6a4073680bf71154ce7ab5,0xabaf40768e575beb3244df2853a0505cb2d2e4bb,0.16
0xeb95ff72eab9e8d8fdb545fe15587accf410b42e,0x2bd5d2e3d5852ad9960638083cb7c9f493e7a597,0.005
0xeb95ff72eab9e8d8fdb545fe15587accf410b42e,0xabaf40768e575beb3244df2853a0505cb2d2e4bb,0.01
0xebe8184a565382a99713cbf58ba756ad6af5421f,0xc57c5ae582708e619ec1ba7513480b2e7540935f,0.21000000000000002
0xec17ec950ec557b0398a0e735843d59e77744d4d,0xc57c5ae582708e619ec1ba7513480b2e7540935f,0.01
0xecc8201146ea7538993dcc92c8326a2a91f66f35,0xc57c5ae582708e619ec1ba7513480b2e7540935f,0.21000000000000002
0xecd8bba75f11406b2c46b021f13a5b451cfc1591,0xfc4852b5e3af65058cdfe1d1dce26946c0c1975f,0.0
0xed66ce7eee03790056ca5ba5ee61bc4f77ba2ded,0xc57c5ae582708e619ec1ba7513480b2e7540935f,0.21000000000000002
0xed6a750dbf1b462c030401c54f0da598265447a7,0x25cbcfa16e43e58517f80d583087ea89241293e6,0.05
0xee4a267e98260acf829ca9dc6c9f3d5d82183bce,0xc57c5ae582708e619ec1ba7513480b2e7540935f,0.11000000000000001
0xee5c6fe552b2204d54b8b14c661fbcb8d5ef19d1,0xc57c5ae582708e619ec1ba7513480b2e7540935f,0.01
0xee6b92d023243a36a93661e75d5760da57121d91,0xc57c5ae582708e619ec1ba7513480b2e7540935f,0.02
0xeebcfdc776e04e40619e03a25c46db5ef6f76579,0xc57c5ae582708e619ec1ba7513480b2e7540935f,0.01
0xef7935913857a6deb46c609d54381b9960396771,0xc57c5ae582708e619ec1ba7513480b2e7540935f,0.11
0xef95a24922728442c3b9fc53aab0a14ddba9fd0a,0xc57c5ae582708e619ec1ba7513480b2e7540935f,0.11
0xefe0d28180e3fbe431640d91690cf33a81f53e4a,0x5507dbd48a5a5bace8a6030e878cc4e0af147c33,0.02
0xf0cad7c8b383f79a879eb6df644e336234ebdac8,0x2bd5d2e3d5852ad9960638083cb7c9f493e7a597,0.005
0xf0cad7c8b383f79a879eb6df644e336234ebdac8,0xabaf40768e575beb3244df2853a0505cb2d2e4bb,0.16
0xf1c5365755935580066b507e9fa15a3c0d03fe77,0xc57c5ae582708e619ec1ba7513480b2e7540935f,0.01
0xf22f00d0b95b1b728078066e5f4410f6b2be8fae,0xc57c5ae582708e619ec1ba7513480b2e7540935f,0.01
0xf259013a3ef68d4d57f7a1e4b978144b69534a09,0xc57c5ae582708e619ec1ba7513480b2e7540935f,0.11
0xf2a09a989816d76191844356ccc3df888c2fcbe5,0x25cbcfa16e43e58517f80d583087ea89241293e6,0.2
0xf2b506a799159ac4add1ad7182d1635b6cf5dc24,0xc57c5ae582708e619ec1ba7513480b2e7540935f,0.05
0xf2bc07dac20b616e95c7f33b0340eaffad1756a7,0xc57c5ae582708e619ec1ba7513480b2e7540935f,0.31
0xf2f3d01b47c21a2339f3a508531da76a9380dcd7,0xabaf40768e575beb3244df2853a0505cb2d2e4bb,0.15
0xf3d95ffa0efc74026292f4be9869eb45a3a5eb52,0xc57c5ae582708e619ec1ba7513480b2e7540935f,0.01
0xf4c7e772f24c10e3ce60ce549059a021f60c911e,0xc57c5ae582708e619ec1ba7513480b2e7540935f,0.45999999999999996
0xf4f16b24064b79488082a0f74f12da3890638890,0xc57c5ae582708e619ec1ba7513480b2e7540935f,0.01
0xf6210b4bb2fe841630eb50001e688c4bc058b602,0xc57c5ae582708e619ec1ba7513480b2e7540935f,0.21000000000000002
0xf627e5f4bad95a956468d8bb6ee20b119f992e96,0x25cbcfa16e43e58517f80d583087ea89241293e6,0.25
0xf627e5f4bad95a956468d8bb6ee20b119f992e96,0x808a2adbd0a3fc679e3f7cd18d4f579bfcaaec9c,0.05
0xf627e5f4bad95a956468d8bb6ee20b119f992e96,0xabaf40768e575beb3244df2853a0505cb2d2e4bb,0.01
0xf627e5f4bad95a956468d8bb6ee20b119f992e96,0xc57c5ae582708e619ec1ba7513480b2e7540935f,0.01
0xf62cb35997d28bd5178a45e100c76b583611717a,0xc57c5ae582708e619ec1ba7513480b2e7540935f,1.06
0xf6aafb44bc183d3083bfae12d743d947ca376562,0xabaf40768e575beb3244df2853a0505cb2d2e4bb,0.15
0xf6b5fd8e2cac43987de603ce7942e09e2dc8a2c9,0xc57c5ae582708e619ec1ba7513480b2e7540935f,0.01
0xf6fc8c36fae35f416ed43eddf772031fcf1196e1,0x25cbcfa16e43e58517f80d583087ea89241293e6,0.05
0xf733454bb020b76cfc9c4ad80367bab412edbffb,0xc57c5ae582708e619ec1ba7513480b2e7540935f,0.21000000000000002
0xf74eda1577205db68d49bb283ce32f797a84c654,0xc57c5ae582708e619ec1ba7513480b2e7540935f,0.060000000000000005
0xf839076dcc040e53c39bb3899178264c452a0ef6,0xc57c5ae582708e619ec1ba7513480b2e7540935f,0.01
0xf8609aa35e97e5800c69ca8666cc978024b785bd,0xc57c5ae582708e619ec1ba7513480b2e7540935f,0.12000000000000001
0xf8618a3140b07fd96fd139f928a567be0b2caa15,0x25cbcfa16e43e58517f80d583087ea89241293e6,0.2
0xf8cd644baf494d13406187cf8628754dca0a10c2,0x808a2adbd0a3fc679e3f7cd18d4f579bfcaaec9c,0.05
0xf90660aa9ca55d1fcf4df7c2bbc39fb3819a7eed,0xabaf40768e575beb3244df2853a0505cb2d2e4bb,0.15
0xf94455064dfc1bd53de14fed27637b46da39d917,0xabaf40768e575beb3244df2853a0505cb2d2e4bb,0.15
0xf945e8c35ecbfcddaa3ecb694a3486f0d7d87523,0xc57c5ae582708e619ec1ba7513480b2e7540935f,0.01
0xf9e13d8fc6c8f74449a9cee1088822b817526588,0xabaf40768e575beb3244df2853a0505cb2d2e4bb,0.15
0xfa2e49300ac0071e0647c4784ce189badd729f44,0x25cbcfa16e43e58517f80d583087ea89241293e6,0.05
0xfa7513021002f7181333b773bf801dfd7fd91ce7,0xc57c5ae582708e619ec1ba7513480b2e7540935f,0.02
0xfabda191f1331630cbeeca935ad4c928078678c5,0x25cbcfa16e43e58517f80d583087ea89241293e6,0.05
0xfb35fd14669a200ca251e040828a77b02dffde89,0xc57c5ae582708e619ec1ba7513480b2e7540935f,0.060000000000000005
0xfb3d11cff1ab43e311bb3dc590abc97690c38f85,0x25cbcfa16e43e58517f80d583087ea89241293e6,0.05
0xfb4974917850d9d82d812dd49221eb0b4c2f240e,0xabaf40768e575beb3244df2853a0505cb2d2e4bb,0.01
0xfc0ce11136adc4fda3c5dcd66f3b4c472aa5ffe4,0xc57c5ae582708e619ec1ba7513480b2e7540935f,0.13
0xfc33080e56aad6d5856b46f206d2be9d70366ca5,0xc57c5ae582708e619ec1ba7513480b2e7540935f,0.1
0xfc840af78a496b52e378dfa94838402e1b7f71dd,0x25cbcfa16e43e58517f80d583087ea89241293e6,0.1
0xfc9356ba33122196be68ebf3d210434a71162a85,0xc57c5ae582708e619ec1ba7513480b2e7540935f,0.01
0xfdcc8786446a44964ce48d7ca2a267e50e2a6bb4,0xc57c5ae582708e619ec1ba7513480b2e7540935f,0.01
0xff2f509668048d4fde4f40fedab3334ce104a39b,0xfa5f665fad9b4b5a374f6dec38eb3e5218e2ea33,420.0
0xff37a713c920f6e94043d10c1230e30b13f4d500,0x25cbcfa16e43e58517f80d583087ea89241293e6,0.05
0xff37a713c920f6e94043d10c1230e30b13f4d500,0x942cbea64876ff0b2e23c0712b37dc0091804e9c,0.001
