,contributor,contribution,creator,contract_address,ENS
0,0x565b93a15d38acd79c120b15432d21e21ed274d6,1500000000000000000,0xf7f52dd34bc21eda08c0b804c7c1dbc48375820f,0x402eb84d9cb2d6cf66bde9b46d7277d3f4a16b54,https://party.mirror.xyz
1,0x808a2adbd0a3fc679e3f7cd18d4f579bfcaaec9c,2000000000000000000,0xf7f52dd34bc21eda08c0b804c7c1dbc48375820f,0x402eb84d9cb2d6cf66bde9b46d7277d3f4a16b54,https://party.mirror.xyz
2,0x8be3fd8a423c38131aae0330b20ceec425e0e50e,110000000000000000,0xc46e9a66fddc8d1a69529d86e668236f02957f1b,0x22ffc1e1ab8e8ee937fe05a4cbe45ed0636e47fb,https://r.mirror.xyz
3,0xb12a7b34283291989e8d9ac0f25f676fbce47ea3,100000000000000000,0xc3268ddb8e38302763ffdc9191fcebd4c948fe1b,0x94515e4f6fabad73c8bcdd8cd42f0b5c037e2c49,https://creators.mirror.xyz
4,0x8f416779f35e8e390779abef8a9afdde59e13f60,16500000000000000,0xc46e9a66fddc8d1a69529d86e668236f02957f1b,0x22ffc1e1ab8e8ee937fe05a4cbe45ed0636e47fb,https://r.mirror.xyz
5,0xdafa9e3dae493f0b9d6872eff4fda0f40d1b7488,22200000000000000,0x3b3525f60eeea4a1ef554df5425912c2a532875d,0x972fbe58d550f17ed723bc4bceb60163d45e46c1,https://dame.mirror.xyz
6,0xafd9ea5cea243eea8d8fdb7fe74b27f0e53a0be0,50000000000000000,0x2ae8c972fb2e6c00dded8986e2dc672ed190da06,0x85625b4983e6a54eda7e237f1a64e0cfb4408c6d,https://ath.mirror.xyz
7,0x85086a248eda2fd79435a0e9f957bba539aa850d,50000000000000000,0xc46e9a66fddc8d1a69529d86e668236f02957f1b,0x22ffc1e1ab8e8ee937fe05a4cbe45ed0636e47fb,https://r.mirror.xyz
8,0x2f9b473d4b9f95a5e55f205be1a003b27d24df76,200000000000000000,0xf7f52dd34bc21eda08c0b804c7c1dbc48375820f,0x402eb84d9cb2d6cf66bde9b46d7277d3f4a16b54,https://party.mirror.xyz
9,0x88d01d4354da0d65c38b0196c4400525a5eebe17,1111000000000000000,0xc3268ddb8e38302763ffdc9191fcebd4c948fe1b,0x94515e4f6fabad73c8bcdd8cd42f0b5c037e2c49,https://creators.mirror.xyz
10,0xb683a2056526162c4771d363204af41ea8c1ec52,200000000000000000,0xc3268ddb8e38302763ffdc9191fcebd4c948fe1b,0x94515e4f6fabad73c8bcdd8cd42f0b5c037e2c49,https://creators.mirror.xyz
11,0xa8a33539960ef4779cb0eceded8002c1ecd40582,1000000000000000000,0xf7f52dd34bc21eda08c0b804c7c1dbc48375820f,0x402eb84d9cb2d6cf66bde9b46d7277d3f4a16b54,https://party.mirror.xyz
12,0x5507dbd48a5a5bace8a6030e878cc4e0af147c33,100000000000000000,0x2ae8c972fb2e6c00dded8986e2dc672ed190da06,0x85625b4983e6a54eda7e237f1a64e0cfb4408c6d,https://ath.mirror.xyz
13,0x64298a72f4e3e23387efc409fc424a3f17356fc4,10000000000000000,0x3b3525f60eeea4a1ef554df5425912c2a532875d,0x972fbe58d550f17ed723bc4bceb60163d45e46c1,https://dame.mirror.xyz
14,0x752c16c291eb17181d0b987fd215602618cd2d4c,10000000000000000,0x3b3525f60eeea4a1ef554df5425912c2a532875d,0x972fbe58d550f17ed723bc4bceb60163d45e46c1,https://dame.mirror.xyz
15,0xbe40dcadb6bf4de1c7810eca3504e5f3bea9cf35,200000000000000000,0xc3268ddb8e38302763ffdc9191fcebd4c948fe1b,0x94515e4f6fabad73c8bcdd8cd42f0b5c037e2c49,https://creators.mirror.xyz
16,0x32262672c6d1b814019f4ca4e2fc53285a919704,150000000000000000,0xc3268ddb8e38302763ffdc9191fcebd4c948fe1b,0x94515e4f6fabad73c8bcdd8cd42f0b5c037e2c49,https://creators.mirror.xyz
17,0xd3e9d60e4e4de615124d5239219f32946d10151d,526000000000000000,0xf7f52dd34bc21eda08c0b804c7c1dbc48375820f,0x402eb84d9cb2d6cf66bde9b46d7277d3f4a16b54,https://party.mirror.xyz
18,0xe62d071ea99a63798fec7222c483c53e87f2a32e,500000000000000000,0xc3268ddb8e38302763ffdc9191fcebd4c948fe1b,0x94515e4f6fabad73c8bcdd8cd42f0b5c037e2c49,https://creators.mirror.xyz
19,0xf627e5f4bad95a956468d8bb6ee20b119f992e96,100000000000000000,0xc3268ddb8e38302763ffdc9191fcebd4c948fe1b,0x94515e4f6fabad73c8bcdd8cd42f0b5c037e2c49,https://creators.mirror.xyz
20,0x18c8df1fb7fb44549f90d1c2bb1dc8b690cd0559,100000000000000000,0xc3268ddb8e38302763ffdc9191fcebd4c948fe1b,0x94515e4f6fabad73c8bcdd8cd42f0b5c037e2c49,https://creators.mirror.xyz
21,0xedf17906f53ee6d05914aa2f6abeb74c1edc05ba,20000000000000000,0xc3268ddb8e38302763ffdc9191fcebd4c948fe1b,0x94515e4f6fabad73c8bcdd8cd42f0b5c037e2c49,https://creators.mirror.xyz
22,0x8de33d8204929ceb2f7aa6299d0643a7f6664c9b,56000000000000000,0xc46e9a66fddc8d1a69529d86e668236f02957f1b,0x22ffc1e1ab8e8ee937fe05a4cbe45ed0636e47fb,https://r.mirror.xyz
23,0x2f4bea4cb44d0956ce4980e76a20a8928e00399a,138000000000000000,0xf7f52dd34bc21eda08c0b804c7c1dbc48375820f,0x402eb84d9cb2d6cf66bde9b46d7277d3f4a16b54,https://party.mirror.xyz
24,0x42dfaf5266ad40ab4533f9806f5cc1df4c1eb363,2000000000000000000,0xf7f52dd34bc21eda08c0b804c7c1dbc48375820f,0x402eb84d9cb2d6cf66bde9b46d7277d3f4a16b54,https://party.mirror.xyz
25,0x0fc84e15aeb7907a76a221169d80d3eb06cdb44b,1796000000000000000,0xf7f52dd34bc21eda08c0b804c7c1dbc48375820f,0x402eb84d9cb2d6cf66bde9b46d7277d3f4a16b54,https://party.mirror.xyz
26,0xcc65fa278b917042822538c44ba10ad646824026,240000000000000000,0xf7f52dd34bc21eda08c0b804c7c1dbc48375820f,0x402eb84d9cb2d6cf66bde9b46d7277d3f4a16b54,https://party.mirror.xyz
27,0xa66e02ad85461dbcb2800ccb8634f07c7497b9f2,15000000000000000,0x3b3525f60eeea4a1ef554df5425912c2a532875d,0x972fbe58d550f17ed723bc4bceb60163d45e46c1,https://dame.mirror.xyz
28,0x23b59b385d5ad503af3ece9bc9dfccf0b9f37f10,100000000000000000,0xc3268ddb8e38302763ffdc9191fcebd4c948fe1b,0x94515e4f6fabad73c8bcdd8cd42f0b5c037e2c49,https://creators.mirror.xyz
29,0x50f470c2f7511a59a5e6f5868f3df88ea8c1232e,33000000000000000,0xc3268ddb8e38302763ffdc9191fcebd4c948fe1b,0x94515e4f6fabad73c8bcdd8cd42f0b5c037e2c49,https://creators.mirror.xyz
30,0xdafa9e3dae493f0b9d6872eff4fda0f40d1b7488,20000000000000000,0x48A63097E1Ac123b1f5A8bbfFafA4afa8192FaB0,0x41ed7d49292b8fbf9b9311c1cb4d6eb877646c58,https://scott.mirror.xyz
31,0xbebfdb034d16327ca2f79f0c7406389c97bbe050,50000000000000000,0x3b3525f60eeea4a1ef554df5425912c2a532875d,0x972fbe58d550f17ed723bc4bceb60163d45e46c1,https://dame.mirror.xyz
32,0x54becc7560a7be76d72ed76a1f5fee6c5a2a7ab6,10000000000000000,0x3b3525f60eeea4a1ef554df5425912c2a532875d,0x972fbe58d550f17ed723bc4bceb60163d45e46c1,https://dame.mirror.xyz
33,0x8a333a18b924554d6e83ef9e9944de6260f61d3b,500000000000000000,0xf7f52dd34bc21eda08c0b804c7c1dbc48375820f,0x402eb84d9cb2d6cf66bde9b46d7277d3f4a16b54,https://party.mirror.xyz
34,0x6e3c9dfe5413a98720e29f8245c63064f8687492,10000000000000000,0x2ae8c972fb2e6c00dded8986e2dc672ed190da06,0x85625b4983e6a54eda7e237f1a64e0cfb4408c6d,https://ath.mirror.xyz
35,0xc3edcbe0f93a6258c3933e86ffaa3bcf12f8d695,20000000000000000,0x3b3525f60eeea4a1ef554df5425912c2a532875d,0x972fbe58d550f17ed723bc4bceb60163d45e46c1,https://dame.mirror.xyz
36,0x7dda22f0410f232f956e31824f78fdd95fc0f7d1,100000000000000000,0xc3268ddb8e38302763ffdc9191fcebd4c948fe1b,0x94515e4f6fabad73c8bcdd8cd42f0b5c037e2c49,https://creators.mirror.xyz
37,0x46301f7e700be9cffce3e5e142a2244df3f2d4f2,100000000000000000,0x6c70e5fc4e4926cd836a6f8b0645aa1a077fa605,0x54f35d2852e08fe7bfc23e1053fd0ef444a05501,https://ellie.mirror.xyz
38,0xa6f559dbfaf97b62e2e1e0facf29c9dfaf620ec3,10000000000000000,0x3b3525f60eeea4a1ef554df5425912c2a532875d,0x972fbe58d550f17ed723bc4bceb60163d45e46c1,https://dame.mirror.xyz
39,0x5743e4384d2144b7c3f395e66d70d284b60e081c,100000000000000000,0x2ae8c972fb2e6c00dded8986e2dc672ed190da06,0x85625b4983e6a54eda7e237f1a64e0cfb4408c6d,https://ath.mirror.xyz
40,0xca3598a35996521ed401241520364417dafd4aef,10000000000000000,0x3b3525f60eeea4a1ef554df5425912c2a532875d,0x972fbe58d550f17ed723bc4bceb60163d45e46c1,https://dame.mirror.xyz
41,0x072938db4dd5c5f25b77d11fbecdb35a0f14e022,20000000000000000,0x3b3525f60eeea4a1ef554df5425912c2a532875d,0x972fbe58d550f17ed723bc4bceb60163d45e46c1,https://dame.mirror.xyz
42,0xd61daebc28274d1feaaf51f11179cd264e4105fb,10000000000000000,0x3b3525f60eeea4a1ef554df5425912c2a532875d,0x972fbe58d550f17ed723bc4bceb60163d45e46c1,https://dame.mirror.xyz
43,0x909250eceed5e9b66fc6e973176b9ef4a657cd12,10000000000000000,0x48A63097E1Ac123b1f5A8bbfFafA4afa8192FaB0,0x41ed7d49292b8fbf9b9311c1cb4d6eb877646c58,https://scott.mirror.xyz
44,0xac34ddac0eeb486b28186cfb81cfdcd3d3ced58c,20000000000000000,0x2ae8c972fb2e6c00dded8986e2dc672ed190da06,0x85625b4983e6a54eda7e237f1a64e0cfb4408c6d,https://ath.mirror.xyz
45,0x029ee42d381c9809493f34095235843625e46676,40000000000000000,0xc3268ddb8e38302763ffdc9191fcebd4c948fe1b,0x94515e4f6fabad73c8bcdd8cd42f0b5c037e2c49,https://creators.mirror.xyz
46,0xb0d40b9bc81d5ba2600cd73e2d6878e04ae20bbb,8000000000000000,0xc46e9a66fddc8d1a69529d86e668236f02957f1b,0x22ffc1e1ab8e8ee937fe05a4cbe45ed0636e47fb,https://r.mirror.xyz
47,0xad1b4d6d80aea57c966d9751a5fe2c60a0469f60,100000000000000000,0x6c70e5fc4e4926cd836a6f8b0645aa1a077fa605,0x54f35d2852e08fe7bfc23e1053fd0ef444a05501,https://ellie.mirror.xyz
48,0x72c7f49ae7b664cc09f6891b68eedb08aa2fc15b,10000000000000000,0x3b3525f60eeea4a1ef554df5425912c2a532875d,0x972fbe58d550f17ed723bc4bceb60163d45e46c1,https://dame.mirror.xyz
49,0x9f3ab3265ba7b7c1de7d3d7c9a6a06e63d30ccb8,500000000000000000,0xf7f52dd34bc21eda08c0b804c7c1dbc48375820f,0x402eb84d9cb2d6cf66bde9b46d7277d3f4a16b54,https://party.mirror.xyz
50,0x18be3712aa6c65b130835a5f1468d0ea69ce15ea,10000000000000000,0xc3268ddb8e38302763ffdc9191fcebd4c948fe1b,0x94515e4f6fabad73c8bcdd8cd42f0b5c037e2c49,https://creators.mirror.xyz
51,0x2e419a06feb47d5f640636a55a814757fa10edf9,500000000000000000,0xf7f52dd34bc21eda08c0b804c7c1dbc48375820f,0x402eb84d9cb2d6cf66bde9b46d7277d3f4a16b54,https://party.mirror.xyz
52,0x8f82da4f86d930163cc1f413a7c33738d847da25,10000000000000000,0xc46e9a66fddc8d1a69529d86e668236f02957f1b,0x22ffc1e1ab8e8ee937fe05a4cbe45ed0636e47fb,https://r.mirror.xyz
53,0xb9f5039273a63275d2f15e3c970bdbfcf47d0a5f,100000000000000000,0x3b3525f60eeea4a1ef554df5425912c2a532875d,0x972fbe58d550f17ed723bc4bceb60163d45e46c1,https://dame.mirror.xyz
54,0x089ba0bc08dcf2d52d3aa7edd9a4ac960faabe9e,20000000000000000,0x3b3525f60eeea4a1ef554df5425912c2a532875d,0x972fbe58d550f17ed723bc4bceb60163d45e46c1,https://dame.mirror.xyz
55,0xa4b321b3458673dc34620e355185813c1d415ff0,2000000000000000000,0xf7f52dd34bc21eda08c0b804c7c1dbc48375820f,0x402eb84d9cb2d6cf66bde9b46d7277d3f4a16b54,https://party.mirror.xyz
56,0x8dba1c16e399d0ad2cf1dca523049c83dade20c5,10000000000000000,0xc46e9a66fddc8d1a69529d86e668236f02957f1b,0x22ffc1e1ab8e8ee937fe05a4cbe45ed0636e47fb,https://r.mirror.xyz
57,0x7137f0420565e1bcd6abec57e3c4aac05ddcad01,122000000000000000,0xc3268ddb8e38302763ffdc9191fcebd4c948fe1b,0x94515e4f6fabad73c8bcdd8cd42f0b5c037e2c49,https://creators.mirror.xyz
58,0x22ca464d6bc50bdda50c1faee81e8b934f3c762c,10000000000000000,0xc46e9a66fddc8d1a69529d86e668236f02957f1b,0x22ffc1e1ab8e8ee937fe05a4cbe45ed0636e47fb,https://r.mirror.xyz
59,0x28d804bf2212e220bc2b7b6252993db8286df07f,50000000000000000,0x6c70e5fc4e4926cd836a6f8b0645aa1a077fa605,0x54f35d2852e08fe7bfc23e1053fd0ef444a05501,https://ellie.mirror.xyz
60,0xd8b3affa8747b9aea0f60ff97d7797942276fcda,10000000000000000,0x3b3525f60eeea4a1ef554df5425912c2a532875d,0x972fbe58d550f17ed723bc4bceb60163d45e46c1,https://dame.mirror.xyz
61,0xbc62985faabed27a8f174cbd5ea1ee7b1ed8fc12,100000000000000000,0x48A63097E1Ac123b1f5A8bbfFafA4afa8192FaB0,0x41ed7d49292b8fbf9b9311c1cb4d6eb877646c58,https://scott.mirror.xyz
62,0x0d610b788a324d3372641a9b7f1ee9f42e83f73c,1000000000000000000,0xc46e9a66fddc8d1a69529d86e668236f02957f1b,0x22ffc1e1ab8e8ee937fe05a4cbe45ed0636e47fb,https://r.mirror.xyz
63,0xd1d43e08815a1806881454812cb26fe689205682,5000000000000000,0x942cbea64876ff0b2e23c0712b37dc0091804e9c,0x2a8aed75c4230629112f9ba26070741500d0c02c,https://p.mirror.xyz
64,0x18c8df1fb7fb44549f90d1c2bb1dc8b690cd0559,20000000000000000,0x3b3525f60eeea4a1ef554df5425912c2a532875d,0x972fbe58d550f17ed723bc4bceb60163d45e46c1,https://dame.mirror.xyz
65,0xf296178d553c8ec21a2fbd2c5dda8ca9ac905a00,1000000000000000000,0xf7f52dd34bc21eda08c0b804c7c1dbc48375820f,0x402eb84d9cb2d6cf66bde9b46d7277d3f4a16b54,https://party.mirror.xyz
66,0x9429d2dc3dbc0ca016a6dd3bcf791e19e2ab66ab,40000000000000000,0xc3268ddb8e38302763ffdc9191fcebd4c948fe1b,0x94515e4f6fabad73c8bcdd8cd42f0b5c037e2c49,https://creators.mirror.xyz
67,0xa9ad05b8a28d254a1f535ff96169343ab6dd0c43,55000000000000000,0xc3268ddb8e38302763ffdc9191fcebd4c948fe1b,0x94515e4f6fabad73c8bcdd8cd42f0b5c037e2c49,https://creators.mirror.xyz
68,0xeb54d707252ee9e26e6a4073680bf71154ce7ab5,300000000000000000,0xc3268ddb8e38302763ffdc9191fcebd4c948fe1b,0x94515e4f6fabad73c8bcdd8cd42f0b5c037e2c49,https://creators.mirror.xyz
69,0x38abcd2c90cc76059308221ee678ca23c4d20279,1000000000000000,0x48A63097E1Ac123b1f5A8bbfFafA4afa8192FaB0,0x41ed7d49292b8fbf9b9311c1cb4d6eb877646c58,https://scott.mirror.xyz
70,0x64298a72f4e3e23387efc409fc424a3f17356fc4,202000000000000000,0xf7f52dd34bc21eda08c0b804c7c1dbc48375820f,0x402eb84d9cb2d6cf66bde9b46d7277d3f4a16b54,https://party.mirror.xyz
71,0x01c9ea664b6d06bc4609cec8e75dd600221e1c36,100000000000000000,0xc46e9a66fddc8d1a69529d86e668236f02957f1b,0x22ffc1e1ab8e8ee937fe05a4cbe45ed0636e47fb,https://r.mirror.xyz
72,0xa0eb90b7aac3f508abc5e21d87dca1c3f2129c77,146000000000000000,0xc3268ddb8e38302763ffdc9191fcebd4c948fe1b,0x94515e4f6fabad73c8bcdd8cd42f0b5c037e2c49,https://creators.mirror.xyz
73,0x7721f140c2968d5c639a9b40a1e6ca48a9b7c41d,20000000000000000,0xc3268ddb8e38302763ffdc9191fcebd4c948fe1b,0x94515e4f6fabad73c8bcdd8cd42f0b5c037e2c49,https://creators.mirror.xyz
74,0x47edbd307180556dbbeb5beabd8a40ac30520f57,100000000000000000,0xf7f52dd34bc21eda08c0b804c7c1dbc48375820f,0x402eb84d9cb2d6cf66bde9b46d7277d3f4a16b54,https://party.mirror.xyz
75,0x2bd5d2e3d5852ad9960638083cb7c9f493e7a597,15000000000000000,0x3b3525f60eeea4a1ef554df5425912c2a532875d,0x972fbe58d550f17ed723bc4bceb60163d45e46c1,https://dame.mirror.xyz
76,0xaed58605cf7d6a9396f7c0539d51df6763808208,2000000000000000000,0xf7f52dd34bc21eda08c0b804c7c1dbc48375820f,0x402eb84d9cb2d6cf66bde9b46d7277d3f4a16b54,https://party.mirror.xyz
77,0xef8d44e54d8be26a55a2b13e1e055019182b3824,20000000000000000,0x3b3525f60eeea4a1ef554df5425912c2a532875d,0x972fbe58d550f17ed723bc4bceb60163d45e46c1,https://dame.mirror.xyz
78,0xd9c4475e2dd89a9a0ad0c1e9a1e1bb28df7ba298,100000000000000000,0xc3268ddb8e38302763ffdc9191fcebd4c948fe1b,0x94515e4f6fabad73c8bcdd8cd42f0b5c037e2c49,https://creators.mirror.xyz
79,0xeb95ff72eab9e8d8fdb545fe15587accf410b42e,300000000000000000,0xc3268ddb8e38302763ffdc9191fcebd4c948fe1b,0x94515e4f6fabad73c8bcdd8cd42f0b5c037e2c49,https://creators.mirror.xyz
80,0x68f9d801c96ac6ccf562f3600cef77c4504449b6,2000000000000000000,0xf7f52dd34bc21eda08c0b804c7c1dbc48375820f,0x402eb84d9cb2d6cf66bde9b46d7277d3f4a16b54,https://party.mirror.xyz
81,0xc46e9a66fddc8d1a69529d86e668236f02957f1b,77000000000000000,0xc3268ddb8e38302763ffdc9191fcebd4c948fe1b,0x94515e4f6fabad73c8bcdd8cd42f0b5c037e2c49,https://creators.mirror.xyz
82,0xff37a713c920f6e94043d10c1230e30b13f4d500,138000000000000000,0xf7f52dd34bc21eda08c0b804c7c1dbc48375820f,0x402eb84d9cb2d6cf66bde9b46d7277d3f4a16b54,https://party.mirror.xyz
83,0x713f90407fc49f0bc59a6661c23fb67692a80e6d,50000000000000000,0x3b3525f60eeea4a1ef554df5425912c2a532875d,0x972fbe58d550f17ed723bc4bceb60163d45e46c1,https://dame.mirror.xyz
84,0xdc2ee21439a75a3794b8a1c7734548067ba2e6f7,100000000000000000,0x3b3525f60eeea4a1ef554df5425912c2a532875d,0x972fbe58d550f17ed723bc4bceb60163d45e46c1,https://dame.mirror.xyz
85,0x1786d033d5cbcc235b673e872c7613c2f83da583,100000000000000000,0xc3268ddb8e38302763ffdc9191fcebd4c948fe1b,0x94515e4f6fabad73c8bcdd8cd42f0b5c037e2c49,https://creators.mirror.xyz
86,0x03942174b8e362d168e5c26d9b4339ab36d970b0,100000000000000000,0x2ae8c972fb2e6c00dded8986e2dc672ed190da06,0x85625b4983e6a54eda7e237f1a64e0cfb4408c6d,https://ath.mirror.xyz
87,0xe340b00b6b622c136ffa5cff130ec8edcddcb39d,50000000000000000,0x3b3525f60eeea4a1ef554df5425912c2a532875d,0x972fbe58d550f17ed723bc4bceb60163d45e46c1,https://dame.mirror.xyz
88,0xd61daebc28274d1feaaf51f11179cd264e4105fb,100000000000000000,0xf7f52dd34bc21eda08c0b804c7c1dbc48375820f,0x402eb84d9cb2d6cf66bde9b46d7277d3f4a16b54,https://party.mirror.xyz
89,0xb15f50e5ad35f29bf52601d6629b3de44a3b922e,10000000000000000,0xc3268ddb8e38302763ffdc9191fcebd4c948fe1b,0x94515e4f6fabad73c8bcdd8cd42f0b5c037e2c49,https://creators.mirror.xyz
90,0x66da63b03feca7dd44a5bb023bb3645d3252fa32,100000000000000000,0x3b3525f60eeea4a1ef554df5425912c2a532875d,0x972fbe58d550f17ed723bc4bceb60163d45e46c1,https://dame.mirror.xyz
91,0xbe81cca2fc9f28e24ede0363ddfcdcba31ab1e3f,100000000000000000,0xc3268ddb8e38302763ffdc9191fcebd4c948fe1b,0x94515e4f6fabad73c8bcdd8cd42f0b5c037e2c49,https://creators.mirror.xyz
92,0x9155f45c41607ea8aee3f173e383ac483d75192e,50000000000000000,0x3b3525f60eeea4a1ef554df5425912c2a532875d,0x972fbe58d550f17ed723bc4bceb60163d45e46c1,https://dame.mirror.xyz
93,0x88d01d4354da0d65c38b0196c4400525a5eebe17,111000000000000000,0xc46e9a66fddc8d1a69529d86e668236f02957f1b,0x22ffc1e1ab8e8ee937fe05a4cbe45ed0636e47fb,https://r.mirror.xyz
94,0xf7b2c2eb58a5f801119df7e9bf9f9b66c62bb011,200000000000000000,0xf7f52dd34bc21eda08c0b804c7c1dbc48375820f,0x402eb84d9cb2d6cf66bde9b46d7277d3f4a16b54,https://party.mirror.xyz
95,0x44fd8c2bdb8d9115e32ce928b61353cef483c540,20000000000000000,0x2ae8c972fb2e6c00dded8986e2dc672ed190da06,0x85625b4983e6a54eda7e237f1a64e0cfb4408c6d,https://ath.mirror.xyz
96,0xbe40dcadb6bf4de1c7810eca3504e5f3bea9cf35,100000000000000000,0x3b3525f60eeea4a1ef554df5425912c2a532875d,0x972fbe58d550f17ed723bc4bceb60163d45e46c1,https://dame.mirror.xyz
97,0x4cbbfb3b4cf8dd252676e5b69c0730d5e5702713,33300000000000000,0xc46e9a66fddc8d1a69529d86e668236f02957f1b,0x22ffc1e1ab8e8ee937fe05a4cbe45ed0636e47fb,https://r.mirror.xyz
98,0x48dbb9b7b562acf3c38e53deaff4686e24c3d85d,10000000000000000,0x3b3525f60eeea4a1ef554df5425912c2a532875d,0x972fbe58d550f17ed723bc4bceb60163d45e46c1,https://dame.mirror.xyz
99,0x94ea1fc190f440e8e109ca1ae8540a4efa1dcec5,89000000000000000,0x5e692fe3d06414d75380604ba202c7d5ed94f219,0xb0c813151d18482a914a2b95b1a25d020532bb36,https://cope.mirror.xyz
100,0x22ca464d6bc50bdda50c1faee81e8b934f3c762c,20000000000000000,0xc3268ddb8e38302763ffdc9191fcebd4c948fe1b,0x94515e4f6fabad73c8bcdd8cd42f0b5c037e2c49,https://creators.mirror.xyz
101,0x057657f5ed3da2cbf7999a0179de227265f41b39,180000000000000000,0xc3268ddb8e38302763ffdc9191fcebd4c948fe1b,0x94515e4f6fabad73c8bcdd8cd42f0b5c037e2c49,https://creators.mirror.xyz
102,0x8de2b8f2b2e8a674c3dabb5e1255b5bbad7a63d0,2000000000000000000,0xf7f52dd34bc21eda08c0b804c7c1dbc48375820f,0x402eb84d9cb2d6cf66bde9b46d7277d3f4a16b54,https://party.mirror.xyz
103,0x82f402847051bddaab0f5d4b481417281837c424,40000000000000000,0x3b3525f60eeea4a1ef554df5425912c2a532875d,0x972fbe58d550f17ed723bc4bceb60163d45e46c1,https://dame.mirror.xyz
104,0xd657860fc512ec2250a7385a353f599e3276fddb,88000000000000000,0x3b3525f60eeea4a1ef554df5425912c2a532875d,0x972fbe58d550f17ed723bc4bceb60163d45e46c1,https://dame.mirror.xyz
105,0x51448923d8a215a5a8cd872a51f22c2f5c43b444,100000000000000000,0x3b3525f60eeea4a1ef554df5425912c2a532875d,0x972fbe58d550f17ed723bc4bceb60163d45e46c1,https://dame.mirror.xyz
106,0xaaba999423e939a67373e422dfabe088d5bc31a5,100000000000000000,0x2ae8c972fb2e6c00dded8986e2dc672ed190da06,0x85625b4983e6a54eda7e237f1a64e0cfb4408c6d,https://ath.mirror.xyz
107,0x17cd072cbd45031efc21da538c783e0ed3b25dcc,111000000000000000,0x5e692fe3d06414d75380604ba202c7d5ed94f219,0xb0c813151d18482a914a2b95b1a25d020532bb36,https://cope.mirror.xyz
108,0xade3196d42025f7a2f435dd523961c64b62997ef,1000000000000000000,0xc3268ddb8e38302763ffdc9191fcebd4c948fe1b,0x94515e4f6fabad73c8bcdd8cd42f0b5c037e2c49,https://creators.mirror.xyz
109,0xa5c3a513645a9a00cb561fed40438e9dfe0d6a69,2000000000000000000,0xf7f52dd34bc21eda08c0b804c7c1dbc48375820f,0x402eb84d9cb2d6cf66bde9b46d7277d3f4a16b54,https://party.mirror.xyz
110,0xac34ddac0eeb486b28186cfb81cfdcd3d3ced58c,50000000000000000,0xc46e9a66fddc8d1a69529d86e668236f02957f1b,0x22ffc1e1ab8e8ee937fe05a4cbe45ed0636e47fb,https://r.mirror.xyz
111,0x6f1b12a415e035eebdc8559130ea8bdb96add48c,100000000000000000,0x48A63097E1Ac123b1f5A8bbfFafA4afa8192FaB0,0x41ed7d49292b8fbf9b9311c1cb4d6eb877646c58,https://scott.mirror.xyz
112,0x942cbea64876ff0b2e23c0712b37dc0091804e9c,200000000000000000,0xf7f52dd34bc21eda08c0b804c7c1dbc48375820f,0x402eb84d9cb2d6cf66bde9b46d7277d3f4a16b54,https://party.mirror.xyz
113,0x942cbea64876ff0b2e23c0712b37dc0091804e9c,10000000000000000,0x3b3525f60eeea4a1ef554df5425912c2a532875d,0x972fbe58d550f17ed723bc4bceb60163d45e46c1,https://dame.mirror.xyz
114,0x16a1bf7aa0dca07c80760a39a2ed3030fc10c3bf,50000000000000000,0x3b3525f60eeea4a1ef554df5425912c2a532875d,0x972fbe58d550f17ed723bc4bceb60163d45e46c1,https://dame.mirror.xyz
115,0xa8c7372dc993d7510c9c45425807d463967cbb12,100000000000000000,0x2ae8c972fb2e6c00dded8986e2dc672ed190da06,0x85625b4983e6a54eda7e237f1a64e0cfb4408c6d,https://ath.mirror.xyz
116,0x3c2b4bdcd2f742c55186fc599cb733a127e2b8ab,2000000000000000000,0xf7f52dd34bc21eda08c0b804c7c1dbc48375820f,0x402eb84d9cb2d6cf66bde9b46d7277d3f4a16b54,https://party.mirror.xyz
117,0x2bd5d2e3d5852ad9960638083cb7c9f493e7a597,110000000000000000,0xc3268ddb8e38302763ffdc9191fcebd4c948fe1b,0x94515e4f6fabad73c8bcdd8cd42f0b5c037e2c49,https://creators.mirror.xyz
118,0xbc3ed6b537f2980e66f396fe14210a56ba3f72c4,2000000000000000000,0xf7f52dd34bc21eda08c0b804c7c1dbc48375820f,0x402eb84d9cb2d6cf66bde9b46d7277d3f4a16b54,https://party.mirror.xyz
119,0xc3fdadbae46798cd8762185a09c5b672a7aa36bb,40000000000000000,0x6c70e5fc4e4926cd836a6f8b0645aa1a077fa605,0x54f35d2852e08fe7bfc23e1053fd0ef444a05501,https://ellie.mirror.xyz
120,0x76ce7a233804c5f662897bbfc469212d28d11613,52000000000000000,0xc3268ddb8e38302763ffdc9191fcebd4c948fe1b,0x94515e4f6fabad73c8bcdd8cd42f0b5c037e2c49,https://creators.mirror.xyz
121,0x8162cb1b6eb326feaf77670fba3638545a80ad40,660000000000000000,0xc3268ddb8e38302763ffdc9191fcebd4c948fe1b,0x94515e4f6fabad73c8bcdd8cd42f0b5c037e2c49,https://creators.mirror.xyz
122,0x990bd987ce4b0b9dfc5c1f67759e64d728fcb366,200000000000000000,0xc3268ddb8e38302763ffdc9191fcebd4c948fe1b,0x94515e4f6fabad73c8bcdd8cd42f0b5c037e2c49,https://creators.mirror.xyz
123,0x8adc376f33fd467fdf3293df4eae7de6fd5ccaf1,50000000000000000,0xc3268ddb8e38302763ffdc9191fcebd4c948fe1b,0x94515e4f6fabad73c8bcdd8cd42f0b5c037e2c49,https://creators.mirror.xyz
124,0x655a9189e1d6e0fffcfca2eb8f0cdace04a716a2,3000000000000000,0xc46e9a66fddc8d1a69529d86e668236f02957f1b,0x22ffc1e1ab8e8ee937fe05a4cbe45ed0636e47fb,https://r.mirror.xyz
125,0x09d07aec655032f6d05482999b6b7f683e80568b,25600000000000000,0x3b3525f60eeea4a1ef554df5425912c2a532875d,0x972fbe58d550f17ed723bc4bceb60163d45e46c1,https://dame.mirror.xyz
126,0x547f2b9f3c8c1bc4d284400d44cd8b9b22788d99,200000000000000000,0x5e692fe3d06414d75380604ba202c7d5ed94f219,0xb0c813151d18482a914a2b95b1a25d020532bb36,https://cope.mirror.xyz
127,0x35977cf9b9a753d11e043452418d01f37d93084e,250000000000000000,0xc3268ddb8e38302763ffdc9191fcebd4c948fe1b,0x94515e4f6fabad73c8bcdd8cd42f0b5c037e2c49,https://creators.mirror.xyz
128,0xb0623c91c65621df716ab8afe5f66656b21a9108,2000000000000000000,0xf7f52dd34bc21eda08c0b804c7c1dbc48375820f,0x402eb84d9cb2d6cf66bde9b46d7277d3f4a16b54,https://party.mirror.xyz
129,0x2e998ea60f0c6e3aad71b4f56847e1b5e4658786,100000000000000000,0xc3268ddb8e38302763ffdc9191fcebd4c948fe1b,0x94515e4f6fabad73c8bcdd8cd42f0b5c037e2c49,https://creators.mirror.xyz
130,0x6130b7313833f99956a364156b3329e50695bd65,110000000000000000,0xc3268ddb8e38302763ffdc9191fcebd4c948fe1b,0x94515e4f6fabad73c8bcdd8cd42f0b5c037e2c49,https://creators.mirror.xyz
131,0x5507dbd48a5a5bace8a6030e878cc4e0af147c33,10000000000000000,0x3b3525f60eeea4a1ef554df5425912c2a532875d,0x972fbe58d550f17ed723bc4bceb60163d45e46c1,https://dame.mirror.xyz
132,0x909250eceed5e9b66fc6e973176b9ef4a657cd12,10000000000000000,0x6c70e5fc4e4926cd836a6f8b0645aa1a077fa605,0x54f35d2852e08fe7bfc23e1053fd0ef444a05501,https://ellie.mirror.xyz
133,0x6f1b12a415e035eebdc8559130ea8bdb96add48c,100000000000000000,0x2ae8c972fb2e6c00dded8986e2dc672ed190da06,0x85625b4983e6a54eda7e237f1a64e0cfb4408c6d,https://ath.mirror.xyz
134,0x77cf3aea4db8522aba72bc116cac550707c57d2e,10000000000000000,0xc46e9a66fddc8d1a69529d86e668236f02957f1b,0x22ffc1e1ab8e8ee937fe05a4cbe45ed0636e47fb,https://r.mirror.xyz
135,0x174d123ce1ef00eebf1026fbf061a7a58a928def,2000000000000000000,0xf7f52dd34bc21eda08c0b804c7c1dbc48375820f,0x402eb84d9cb2d6cf66bde9b46d7277d3f4a16b54,https://party.mirror.xyz
136,0xcbd2b6ff7d38c16115fee3f2d00e822ea30b307b,20000000000000000,0xc3268ddb8e38302763ffdc9191fcebd4c948fe1b,0x94515e4f6fabad73c8bcdd8cd42f0b5c037e2c49,https://creators.mirror.xyz
137,0x323794c012df58d68843d745c75ea536d870c7da,200000000000000000,0xf7f52dd34bc21eda08c0b804c7c1dbc48375820f,0x402eb84d9cb2d6cf66bde9b46d7277d3f4a16b54,https://party.mirror.xyz
138,0xa251520154ca342f0b1d702bf5a56f78c982405b,100000000000000000,0xc3268ddb8e38302763ffdc9191fcebd4c948fe1b,0x94515e4f6fabad73c8bcdd8cd42f0b5c037e2c49,https://creators.mirror.xyz
139,0x5090c4fead5be112b643bc75d61bf42339675448,180000000000000000,0xc3268ddb8e38302763ffdc9191fcebd4c948fe1b,0x94515e4f6fabad73c8bcdd8cd42f0b5c037e2c49,https://creators.mirror.xyz
140,0x10d6d2e343281d388291a3e02f3293aaeda67178,100000000000000000,0x48A63097E1Ac123b1f5A8bbfFafA4afa8192FaB0,0x41ed7d49292b8fbf9b9311c1cb4d6eb877646c58,https://scott.mirror.xyz
141,0xaaba999423e939a67373e422dfabe088d5bc31a5,100000000000000000,0xc3268ddb8e38302763ffdc9191fcebd4c948fe1b,0x94515e4f6fabad73c8bcdd8cd42f0b5c037e2c49,https://creators.mirror.xyz
142,0x04f4f330e30123939a325d8b2c45e5d7531ed218,10000000000000000,0x3b3525f60eeea4a1ef554df5425912c2a532875d,0x972fbe58d550f17ed723bc4bceb60163d45e46c1,https://dame.mirror.xyz
143,0xc1e607b7730c43c8d15562ffa1ad27b4463dc4c4,250000000000000000,0xc3268ddb8e38302763ffdc9191fcebd4c948fe1b,0x94515e4f6fabad73c8bcdd8cd42f0b5c037e2c49,https://creators.mirror.xyz
144,0x2e419a06feb47d5f640636a55a814757fa10edf9,150000000000000000,0xc3268ddb8e38302763ffdc9191fcebd4c948fe1b,0x94515e4f6fabad73c8bcdd8cd42f0b5c037e2c49,https://creators.mirror.xyz
145,0x5507dbd48a5a5bace8a6030e878cc4e0af147c33,100000000000000000,0x48A63097E1Ac123b1f5A8bbfFafA4afa8192FaB0,0x41ed7d49292b8fbf9b9311c1cb4d6eb877646c58,https://scott.mirror.xyz
146,0xeb54d707252ee9e26e6a4073680bf71154ce7ab5,50000000000000000,0x3b3525f60eeea4a1ef554df5425912c2a532875d,0x972fbe58d550f17ed723bc4bceb60163d45e46c1,https://dame.mirror.xyz
147,0xf503017d7baf7fbc0fff7492b751025c6a78179b,100000000000000000,0x48A63097E1Ac123b1f5A8bbfFafA4afa8192FaB0,0x41ed7d49292b8fbf9b9311c1cb4d6eb877646c58,https://scott.mirror.xyz
148,0x30e838d51c61811d382962b4e0699715462dcde1,10000000000000000,0x48A63097E1Ac123b1f5A8bbfFafA4afa8192FaB0,0x41ed7d49292b8fbf9b9311c1cb4d6eb877646c58,https://scott.mirror.xyz
149,0x7039813983ba47a5a46b19f3a269aef5c6c75abf,1200000000000000000,0xc3268ddb8e38302763ffdc9191fcebd4c948fe1b,0x94515e4f6fabad73c8bcdd8cd42f0b5c037e2c49,https://creators.mirror.xyz
150,0x48a63097e1ac123b1f5a8bbffafa4afa8192fab0,200000000000000000,0x48A63097E1Ac123b1f5A8bbfFafA4afa8192FaB0,0x41ed7d49292b8fbf9b9311c1cb4d6eb877646c58,https://scott.mirror.xyz
151,0x88d01d4354da0d65c38b0196c4400525a5eebe17,840000000000000000,0xf7f52dd34bc21eda08c0b804c7c1dbc48375820f,0x402eb84d9cb2d6cf66bde9b46d7277d3f4a16b54,https://party.mirror.xyz
152,0x3070f20f86fda706ac380f5060d256028a46ec29,50000000000000000,0x48A63097E1Ac123b1f5A8bbfFafA4afa8192FaB0,0x41ed7d49292b8fbf9b9311c1cb4d6eb877646c58,https://scott.mirror.xyz
153,0xcc65fa278b917042822538c44ba10ad646824026,10000000000000000,0x942cbea64876ff0b2e23c0712b37dc0091804e9c,0x2a8aed75c4230629112f9ba26070741500d0c02c,https://p.mirror.xyz
154,0x0653f05d22e5fe46f15639616e3bfd51c9060214,50000000000000000,0xc46e9a66fddc8d1a69529d86e668236f02957f1b,0x22ffc1e1ab8e8ee937fe05a4cbe45ed0636e47fb,https://r.mirror.xyz
155,0x224e69025a2f705c8f31efb6694398f8fd09ac5c,23000000000000000,0x48A63097E1Ac123b1f5A8bbfFafA4afa8192FaB0,0x41ed7d49292b8fbf9b9311c1cb4d6eb877646c58,https://scott.mirror.xyz
156,0xe826f1c06d5ae90e4c098459d1b7464a8dc604ca,100000000000000000,0x3b3525f60eeea4a1ef554df5425912c2a532875d,0x972fbe58d550f17ed723bc4bceb60163d45e46c1,https://dame.mirror.xyz
157,0x9dff5d39dc4b758d8046c32c0f7544282bcb5e4d,40000000000000000,0xc46e9a66fddc8d1a69529d86e668236f02957f1b,0x22ffc1e1ab8e8ee937fe05a4cbe45ed0636e47fb,https://r.mirror.xyz
158,0x4238245844818d1b7f36174cd7641938a3a0f7ea,39000000000000000,0xc3268ddb8e38302763ffdc9191fcebd4c948fe1b,0x94515e4f6fabad73c8bcdd8cd42f0b5c037e2c49,https://creators.mirror.xyz
159,0xc8a8020f93a27f68c0cb6357a2128dacd9f6db42,4000000000000000,0x48A63097E1Ac123b1f5A8bbfFafA4afa8192FaB0,0x41ed7d49292b8fbf9b9311c1cb4d6eb877646c58,https://scott.mirror.xyz
160,0xab1ac2d7e513fbae27a08c93807febc6bc9c6ff6,50000000000000000,0x2ae8c972fb2e6c00dded8986e2dc672ed190da06,0x85625b4983e6a54eda7e237f1a64e0cfb4408c6d,https://ath.mirror.xyz
161,0x1e55c85801a2c4f0bec57c84742a8ef3d72de57b,40000000000000000,0x48A63097E1Ac123b1f5A8bbfFafA4afa8192FaB0,0x41ed7d49292b8fbf9b9311c1cb4d6eb877646c58,https://scott.mirror.xyz
162,0x8dfee5f2ab3100bd2112c192bba9817258221e82,100000000000000000,0xc3268ddb8e38302763ffdc9191fcebd4c948fe1b,0x94515e4f6fabad73c8bcdd8cd42f0b5c037e2c49,https://creators.mirror.xyz
163,0xc8f8e2f59dd95ff67c3d39109eca2e2a017d4c8a,2000000000000000000,0xf7f52dd34bc21eda08c0b804c7c1dbc48375820f,0x402eb84d9cb2d6cf66bde9b46d7277d3f4a16b54,https://party.mirror.xyz
164,0x08cbf077180d45868cc04d8c053ec37025545933,50000000000000000,0x3b3525f60eeea4a1ef554df5425912c2a532875d,0x972fbe58d550f17ed723bc4bceb60163d45e46c1,https://dame.mirror.xyz
165,0x8d138c01765483cb79d787ce5933f609cbfdabcf,120000000000000000,0x3b3525f60eeea4a1ef554df5425912c2a532875d,0x972fbe58d550f17ed723bc4bceb60163d45e46c1,https://dame.mirror.xyz
166,0x04e28930a2c3ba692fae79ab27f41fc397c9a33c,50000000000000000,0xc46e9a66fddc8d1a69529d86e668236f02957f1b,0x22ffc1e1ab8e8ee937fe05a4cbe45ed0636e47fb,https://r.mirror.xyz
167,0x50bdd745f633506f8761ca913c5238c3aedc6dff,50000000000000000,0xc46e9a66fddc8d1a69529d86e668236f02957f1b,0x22ffc1e1ab8e8ee937fe05a4cbe45ed0636e47fb,https://r.mirror.xyz
168,0x9444b8d9cee7807d1e6062990745f2a9eb95e4dc,30000000000000000,0x3b3525f60eeea4a1ef554df5425912c2a532875d,0x972fbe58d550f17ed723bc4bceb60163d45e46c1,https://dame.mirror.xyz
169,0x625d6405dcac9c82f4b681a131d9182115448f75,200000000000000000,0xf7f52dd34bc21eda08c0b804c7c1dbc48375820f,0x402eb84d9cb2d6cf66bde9b46d7277d3f4a16b54,https://party.mirror.xyz
170,0x6df599f0a940fb2052aea2a352e14cdbca33f330,10000000000000000,0xc3268ddb8e38302763ffdc9191fcebd4c948fe1b,0x94515e4f6fabad73c8bcdd8cd42f0b5c037e2c49,https://creators.mirror.xyz
171,0x7b3bddf3af1d6e160d57887ff4516cb3c3add495,100000000000000000,0xc46e9a66fddc8d1a69529d86e668236f02957f1b,0x22ffc1e1ab8e8ee937fe05a4cbe45ed0636e47fb,https://r.mirror.xyz
172,0xa7b783335145610cbf09124cdd9512ae55a843ec,50000000000000000,0x3b3525f60eeea4a1ef554df5425912c2a532875d,0x972fbe58d550f17ed723bc4bceb60163d45e46c1,https://dame.mirror.xyz
173,0xbc62d3508a7b138ed8e6ecc67aa1b21b79953666,10000000000000000,0x2ae8c972fb2e6c00dded8986e2dc672ed190da06,0x85625b4983e6a54eda7e237f1a64e0cfb4408c6d,https://ath.mirror.xyz
174,0xc4d7634c6a7f9316f7b2ef8f2c34ed0caa30b9b6,20000000000000000,0xf7f52dd34bc21eda08c0b804c7c1dbc48375820f,0x402eb84d9cb2d6cf66bde9b46d7277d3f4a16b54,https://party.mirror.xyz
175,0x9c159121ceebf937e9bad98fd0c895d7f6038bd4,2000000000000000000,0xf7f52dd34bc21eda08c0b804c7c1dbc48375820f,0x402eb84d9cb2d6cf66bde9b46d7277d3f4a16b54,https://party.mirror.xyz
176,0x9dd87184d2b4945437c2671a277cab687bd8ab47,10000000000000000,0x3b3525f60eeea4a1ef554df5425912c2a532875d,0x972fbe58d550f17ed723bc4bceb60163d45e46c1,https://dame.mirror.xyz
177,0xd56e3e325133efed6b1687c88571b8a91e517ab0,10000000000000000,0x3b3525f60eeea4a1ef554df5425912c2a532875d,0x972fbe58d550f17ed723bc4bceb60163d45e46c1,https://dame.mirror.xyz
178,0x208e3ed55144371f318824a48f8e9d68fa38b9c0,10000000000000000,0xc3268ddb8e38302763ffdc9191fcebd4c948fe1b,0x94515e4f6fabad73c8bcdd8cd42f0b5c037e2c49,https://creators.mirror.xyz
179,0xbc891f8e10c86ef2cff7f23d100eb6ae9a84c654,50000000000000000,0xc46e9a66fddc8d1a69529d86e668236f02957f1b,0x22ffc1e1ab8e8ee937fe05a4cbe45ed0636e47fb,https://r.mirror.xyz
180,0xc1fdb60cfb2fbbd6edc9b445d9b508da2dbf2c9b,10000000000000000,0x2ae8c972fb2e6c00dded8986e2dc672ed190da06,0x85625b4983e6a54eda7e237f1a64e0cfb4408c6d,https://ath.mirror.xyz
181,0xf627e5f4bad95a956468d8bb6ee20b119f992e96,101000000000000000,0x3b3525f60eeea4a1ef554df5425912c2a532875d,0x972fbe58d550f17ed723bc4bceb60163d45e46c1,https://dame.mirror.xyz
182,0xd1d43e08815a1806881454812cb26fe689205682,10000000000000000,0x942cbea64876ff0b2e23c0712b37dc0091804e9c,0x33a6e5ff6e809dcce634f8e19a915cd0a053d869,https://p.mirror.xyz
183,0x03942174b8e362d168e5c26d9b4339ab36d970b0,200000000000000000,0x5e692fe3d06414d75380604ba202c7d5ed94f219,0xb0c813151d18482a914a2b95b1a25d020532bb36,https://cope.mirror.xyz
184,0xbc62985faabed27a8f174cbd5ea1ee7b1ed8fc12,100000000000000000,0x3b3525f60eeea4a1ef554df5425912c2a532875d,0x972fbe58d550f17ed723bc4bceb60163d45e46c1,https://dame.mirror.xyz
185,0x1aa000e34290c1ce5cae1084cd46b1bca04ba6f2,30000000000000000,0xc46e9a66fddc8d1a69529d86e668236f02957f1b,0x22ffc1e1ab8e8ee937fe05a4cbe45ed0636e47fb,https://r.mirror.xyz
186,0xc09d3402515676b81a2f768c365146ea3faa5605,10000000000000000,0xc46e9a66fddc8d1a69529d86e668236f02957f1b,0x22ffc1e1ab8e8ee937fe05a4cbe45ed0636e47fb,https://r.mirror.xyz
187,0x345122f6513329d169cff39ace8978edc3942b5d,40000000000000000,0xc46e9a66fddc8d1a69529d86e668236f02957f1b,0x22ffc1e1ab8e8ee937fe05a4cbe45ed0636e47fb,https://r.mirror.xyz
188,0xf69efcc2dece59fbc75b23ae75f51dd7be3bb1e1,10000000000000000,0xc3268ddb8e38302763ffdc9191fcebd4c948fe1b,0x94515e4f6fabad73c8bcdd8cd42f0b5c037e2c49,https://creators.mirror.xyz
189,0xb15f50e5ad35f29bf52601d6629b3de44a3b922e,10000000000000000,0x48A63097E1Ac123b1f5A8bbfFafA4afa8192FaB0,0x41ed7d49292b8fbf9b9311c1cb4d6eb877646c58,https://scott.mirror.xyz
190,0x04bfb0034f24e424489f566f32d1f57647469f9e,100000000000000000,0xc3268ddb8e38302763ffdc9191fcebd4c948fe1b,0x94515e4f6fabad73c8bcdd8cd42f0b5c037e2c49,https://creators.mirror.xyz
191,0x2e419a06feb47d5f640636a55a814757fa10edf9,100000000000000000,0xc46e9a66fddc8d1a69529d86e668236f02957f1b,0x22ffc1e1ab8e8ee937fe05a4cbe45ed0636e47fb,https://r.mirror.xyz
192,0x8be3fd8a423c38131aae0330b20ceec425e0e50e,2000000000000000000,0xf7f52dd34bc21eda08c0b804c7c1dbc48375820f,0x402eb84d9cb2d6cf66bde9b46d7277d3f4a16b54,https://party.mirror.xyz
193,0x445d959751d21b6a460b30d0cd0c88ce63b01847,20000000000000000,0xc3268ddb8e38302763ffdc9191fcebd4c948fe1b,0x94515e4f6fabad73c8bcdd8cd42f0b5c037e2c49,https://creators.mirror.xyz
194,0xea310c966d3ff5e09c65487f1763b21361eb71ef,10000000000000000,0x3b3525f60eeea4a1ef554df5425912c2a532875d,0x972fbe58d550f17ed723bc4bceb60163d45e46c1,https://dame.mirror.xyz
195,0x87885aaeeded51c7e3858a782644f5d89759f245,30000000000000000,0x3b3525f60eeea4a1ef554df5425912c2a532875d,0x972fbe58d550f17ed723bc4bceb60163d45e46c1,https://dame.mirror.xyz
196,0x9885a84930e3c8c865a1d3debdc204f990bab7c3,20000000000000000,0x3b3525f60eeea4a1ef554df5425912c2a532875d,0x972fbe58d550f17ed723bc4bceb60163d45e46c1,https://dame.mirror.xyz
197,0x6f1b12a415e035eebdc8559130ea8bdb96add48c,100000000000000000,0x3b3525f60eeea4a1ef554df5425912c2a532875d,0x972fbe58d550f17ed723bc4bceb60163d45e46c1,https://dame.mirror.xyz
198,0x4f0c041455305a177c1699501e8c3c1eeec5aa7e,100000000000000000,0xc3268ddb8e38302763ffdc9191fcebd4c948fe1b,0x94515e4f6fabad73c8bcdd8cd42f0b5c037e2c49,https://creators.mirror.xyz
199,0x35d124ce28e92a7365ac428234a6c362eaea1845,100000000000000000,0x48A63097E1Ac123b1f5A8bbfFafA4afa8192FaB0,0x41ed7d49292b8fbf9b9311c1cb4d6eb877646c58,https://scott.mirror.xyz
201,0x514b1861561fddf86baf8462e001a1584e1b7b83,1210000000000000000,0xf7f52dd34bc21eda08c0b804c7c1dbc48375820f,0x402eb84d9cb2d6cf66bde9b46d7277d3f4a16b54,https://party.mirror.xyz
202,0xf0cad7c8b383f79a879eb6df644e336234ebdac8,100000000000000000,0x2ae8c972fb2e6c00dded8986e2dc672ed190da06,0x85625b4983e6a54eda7e237f1a64e0cfb4408c6d,https://ath.mirror.xyz
203,0xef8d44e54d8be26a55a2b13e1e055019182b3824,100000000000000000,0xc46e9a66fddc8d1a69529d86e668236f02957f1b,0x22ffc1e1ab8e8ee937fe05a4cbe45ed0636e47fb,https://r.mirror.xyz
204,0x5ba02f4ff6af1d9d2af8774d10fd32eb57d4e2e6,138000000000000000,0xf7f52dd34bc21eda08c0b804c7c1dbc48375820f,0x402eb84d9cb2d6cf66bde9b46d7277d3f4a16b54,https://party.mirror.xyz
205,0xa5e1c37ad90baacb791cfa18506224d7c50f1619,100000000000000000,0xf7f52dd34bc21eda08c0b804c7c1dbc48375820f,0x402eb84d9cb2d6cf66bde9b46d7277d3f4a16b54,https://party.mirror.xyz
206,0xe5b619f1bfc494a16145f9dfb8a4857b60388256,1200000000000000000,0xc3268ddb8e38302763ffdc9191fcebd4c948fe1b,0x94515e4f6fabad73c8bcdd8cd42f0b5c037e2c49,https://creators.mirror.xyz
207,0xeb95ff72eab9e8d8fdb545fe15587accf410b42e,200000000000000000,0x5e692fe3d06414d75380604ba202c7d5ed94f219,0xb0c813151d18482a914a2b95b1a25d020532bb36,https://cope.mirror.xyz
208,0x1d14d9e297dfbce003f5a8ebcf8cba7faee70b91,200000000000000000,0xf7f52dd34bc21eda08c0b804c7c1dbc48375820f,0x402eb84d9cb2d6cf66bde9b46d7277d3f4a16b54,https://party.mirror.xyz
209,0x0653f05d22e5fe46f15639616e3bfd51c9060214,50000000000000000,0x6c70e5fc4e4926cd836a6f8b0645aa1a077fa605,0x54f35d2852e08fe7bfc23e1053fd0ef444a05501,https://ellie.mirror.xyz
210,0x6f1b12a415e035eebdc8559130ea8bdb96add48c,100000000000000000,0xc3268ddb8e38302763ffdc9191fcebd4c948fe1b,0x94515e4f6fabad73c8bcdd8cd42f0b5c037e2c49,https://creators.mirror.xyz
211,0xb0623c91c65621df716ab8afe5f66656b21a9108,10000000000000000,0x3b3525f60eeea4a1ef554df5425912c2a532875d,0x972fbe58d550f17ed723bc4bceb60163d45e46c1,https://dame.mirror.xyz
212,0x953cc221d2d43ba9b7eb9bdf17617aea39cea774,20000000000000000,0x3b3525f60eeea4a1ef554df5425912c2a532875d,0x972fbe58d550f17ed723bc4bceb60163d45e46c1,https://dame.mirror.xyz
213,0xfb7c8a716d8c9577ea293a28ff592bb967ea84c2,100000000000000000,0xc46e9a66fddc8d1a69529d86e668236f02957f1b,0x22ffc1e1ab8e8ee937fe05a4cbe45ed0636e47fb,https://r.mirror.xyz
214,0xe340b00b6b622c136ffa5cff130ec8edcddcb39d,100000000000000000,0xc3268ddb8e38302763ffdc9191fcebd4c948fe1b,0x94515e4f6fabad73c8bcdd8cd42f0b5c037e2c49,https://creators.mirror.xyz
215,0x741efacc7ea2bc902c918f1e2afd449ecf8f1c44,100000000000000000,0xc3268ddb8e38302763ffdc9191fcebd4c948fe1b,0x94515e4f6fabad73c8bcdd8cd42f0b5c037e2c49,https://creators.mirror.xyz
216,0x0cacc6104d8cd9d7b2850b4f35c65c1ecdeece03,500000000000000000,0xc46e9a66fddc8d1a69529d86e668236f02957f1b,0x22ffc1e1ab8e8ee937fe05a4cbe45ed0636e47fb,https://r.mirror.xyz
217,0xd239febd25f7318ea099e1b4eb2c2ac9e1a0f787,200000000000000000,0xf7f52dd34bc21eda08c0b804c7c1dbc48375820f,0x402eb84d9cb2d6cf66bde9b46d7277d3f4a16b54,https://party.mirror.xyz
218,0x87b080b40a8de306cbfa457f5e1ac3af847d436d,150000000000000000,0xc3268ddb8e38302763ffdc9191fcebd4c948fe1b,0x94515e4f6fabad73c8bcdd8cd42f0b5c037e2c49,https://creators.mirror.xyz
219,0xf76fcd047c986db16b6a699a38df30107f4677c8,100000000000000000,0xc46e9a66fddc8d1a69529d86e668236f02957f1b,0x22ffc1e1ab8e8ee937fe05a4cbe45ed0636e47fb,https://r.mirror.xyz
220,0xb00f41cb3fe1fe17c26136b49cc156f75547f552,100000000000000000,0xc3268ddb8e38302763ffdc9191fcebd4c948fe1b,0x94515e4f6fabad73c8bcdd8cd42f0b5c037e2c49,https://creators.mirror.xyz
221,0xbec26ffa12c90217943d1b2958f60a821ae6e549,500000000000000000,0xc3268ddb8e38302763ffdc9191fcebd4c948fe1b,0x94515e4f6fabad73c8bcdd8cd42f0b5c037e2c49,https://creators.mirror.xyz
222,0xe4cbda373d6a445f83fc9125c6230ba58bc08320,64000000000000000,0x3b3525f60eeea4a1ef554df5425912c2a532875d,0x972fbe58d550f17ed723bc4bceb60163d45e46c1,https://dame.mirror.xyz
223,0xc31d78af086b9212ca55b39563a8a91524f36d71,125000000000000000,0xc46e9a66fddc8d1a69529d86e668236f02957f1b,0x22ffc1e1ab8e8ee937fe05a4cbe45ed0636e47fb,https://r.mirror.xyz
224,0x751ff169fa139ab1a90a4acb2180bbf7531e34f1,138000000000000000,0xf7f52dd34bc21eda08c0b804c7c1dbc48375820f,0x402eb84d9cb2d6cf66bde9b46d7277d3f4a16b54,https://party.mirror.xyz
225,0x4133c79e575591b6c380c233fffb47a13348de86,100000000000000000,0x2ae8c972fb2e6c00dded8986e2dc672ed190da06,0x85625b4983e6a54eda7e237f1a64e0cfb4408c6d,https://ath.mirror.xyz
226,0x3ada0a88835691dac6ae3ea2bdd4af14ee76b081,10000000000000000,0x3b3525f60eeea4a1ef554df5425912c2a532875d,0x972fbe58d550f17ed723bc4bceb60163d45e46c1,https://dame.mirror.xyz
227,0xd3432463cf264f4def759ca6f8843d47dd00b2fd,250000000000000000,0xc3268ddb8e38302763ffdc9191fcebd4c948fe1b,0x94515e4f6fabad73c8bcdd8cd42f0b5c037e2c49,https://creators.mirror.xyz
228,0x06c8270541b2fb47a987b129a2eeea44287f70fe,25000000000000000,0x3b3525f60eeea4a1ef554df5425912c2a532875d,0x972fbe58d550f17ed723bc4bceb60163d45e46c1,https://dame.mirror.xyz
229,0xe443e946b5d3bac20f57ad0f7fde95b62cf5dc36,10000000000000000,0xc46e9a66fddc8d1a69529d86e668236f02957f1b,0x22ffc1e1ab8e8ee937fe05a4cbe45ed0636e47fb,https://r.mirror.xyz
230,0x358a906ca407a35de33b930aa7cf49a301a4def1,100000000000000000,0x3b3525f60eeea4a1ef554df5425912c2a532875d,0x972fbe58d550f17ed723bc4bceb60163d45e46c1,https://dame.mirror.xyz
231,0xc14827ffa31bf02875efdee7ac9271ba82d99357,15000000000000000,0xc3268ddb8e38302763ffdc9191fcebd4c948fe1b,0x94515e4f6fabad73c8bcdd8cd42f0b5c037e2c49,https://creators.mirror.xyz
232,0x2ae8c972fb2e6c00dded8986e2dc672ed190da06,50000000000000000,0x3b3525f60eeea4a1ef554df5425912c2a532875d,0x972fbe58d550f17ed723bc4bceb60163d45e46c1,https://dame.mirror.xyz
233,0xcc65fa278b917042822538c44ba10ad646824026,250000000000000000,0xc46e9a66fddc8d1a69529d86e668236f02957f1b,0x22ffc1e1ab8e8ee937fe05a4cbe45ed0636e47fb,https://r.mirror.xyz
234,0xe76ee3eefc838c87a0168674b1f5a08553a24946,10000000000000000,0x3b3525f60eeea4a1ef554df5425912c2a532875d,0x972fbe58d550f17ed723bc4bceb60163d45e46c1,https://dame.mirror.xyz
235,0x1b7df0efb5b552a3f87e85710e4580c84355991a,20000000000000000,0x3b3525f60eeea4a1ef554df5425912c2a532875d,0x972fbe58d550f17ed723bc4bceb60163d45e46c1,https://dame.mirror.xyz
236,0x942cbea64876ff0b2e23c0712b37dc0091804e9c,100000000000000000,0xc3268ddb8e38302763ffdc9191fcebd4c948fe1b,0x94515e4f6fabad73c8bcdd8cd42f0b5c037e2c49,https://creators.mirror.xyz
237,0x95bbf806b84c604eb741170b7bb0e40de95c61d3,15000000000000000,0x3b3525f60eeea4a1ef554df5425912c2a532875d,0x972fbe58d550f17ed723bc4bceb60163d45e46c1,https://dame.mirror.xyz
238,0xcde3725b25d6d9bc78cf0941cc15fd9710c764b9,10000000000000000,0x3b3525f60eeea4a1ef554df5425912c2a532875d,0x972fbe58d550f17ed723bc4bceb60163d45e46c1,https://dame.mirror.xyz
239,0x808a2adbd0a3fc679e3f7cd18d4f579bfcaaec9c,50000000000000000,0xc3268ddb8e38302763ffdc9191fcebd4c948fe1b,0x94515e4f6fabad73c8bcdd8cd42f0b5c037e2c49,https://creators.mirror.xyz
240,0x3a54c7e77b75f0d288e1bab7dfeec7684fc57246,100000000000000000,0xc3268ddb8e38302763ffdc9191fcebd4c948fe1b,0x94515e4f6fabad73c8bcdd8cd42f0b5c037e2c49,https://creators.mirror.xyz
241,0x98d539ae90481e921fd9fb826500f2af06337555,100000000000000000,0x2ae8c972fb2e6c00dded8986e2dc672ed190da06,0x85625b4983e6a54eda7e237f1a64e0cfb4408c6d,https://ath.mirror.xyz
242,0x224e69025a2f705c8f31efb6694398f8fd09ac5c,10000000000000000,0x3b3525f60eeea4a1ef554df5425912c2a532875d,0x972fbe58d550f17ed723bc4bceb60163d45e46c1,https://dame.mirror.xyz
243,0x473bbb2e494dab544b6bbba958840e36f1e24f0a,10000000000000000,0xc46e9a66fddc8d1a69529d86e668236f02957f1b,0x22ffc1e1ab8e8ee937fe05a4cbe45ed0636e47fb,https://r.mirror.xyz
244,0x011a991df27fb53637b7319d3a43e91b5da5b4e8,20000000000000000,0x3b3525f60eeea4a1ef554df5425912c2a532875d,0x972fbe58d550f17ed723bc4bceb60163d45e46c1,https://dame.mirror.xyz
245,0xb361356b0fc3e0805cf5ef4316ee4822a28a55d2,25000000000000000,0xc3268ddb8e38302763ffdc9191fcebd4c948fe1b,0x94515e4f6fabad73c8bcdd8cd42f0b5c037e2c49,https://creators.mirror.xyz
246,0x25cbcfa16e43e58517f80d583087ea89241293e6,12000000000000000000,0x25cbcfa16e43e58517f80d583087ea89241293e6,0x6a8acb305ada320b8b269caffe664a75605d690c,https://air.mirror.xyz
247,0x3ada0a88835691dac6ae3ea2bdd4af14ee76b081,30000000000000000,0xc3268ddb8e38302763ffdc9191fcebd4c948fe1b,0x94515e4f6fabad73c8bcdd8cd42f0b5c037e2c49,https://creators.mirror.xyz
248,0xf5272b55ab764bf21e50d509a1102b00c7c866be,30000000000000000,0xc46e9a66fddc8d1a69529d86e668236f02957f1b,0x22ffc1e1ab8e8ee937fe05a4cbe45ed0636e47fb,https://r.mirror.xyz
249,0xebdb626c95a25f4e304336b1adcad0521a1bdca1,100000000000000000,0x3b3525f60eeea4a1ef554df5425912c2a532875d,0x972fbe58d550f17ed723bc4bceb60163d45e46c1,https://dame.mirror.xyz
250,0xb683a2056526162c4771d363204af41ea8c1ec52,50000000000000000,0x3b3525f60eeea4a1ef554df5425912c2a532875d,0x972fbe58d550f17ed723bc4bceb60163d45e46c1,https://dame.mirror.xyz
251,0x682c23025534a089f51123e2773cd2d1811fbb52,25000000000000000,0xc46e9a66fddc8d1a69529d86e668236f02957f1b,0x22ffc1e1ab8e8ee937fe05a4cbe45ed0636e47fb,https://r.mirror.xyz
252,0xe462be63848194c5a3c62f283ded3ded178c8874,500000000000000000,0xc46e9a66fddc8d1a69529d86e668236f02957f1b,0x22ffc1e1ab8e8ee937fe05a4cbe45ed0636e47fb,https://r.mirror.xyz
253,0xdee83d120b3501660bc21258b0ca0692cae61daa,300000000000000000,0xc46e9a66fddc8d1a69529d86e668236f02957f1b,0x22ffc1e1ab8e8ee937fe05a4cbe45ed0636e47fb,https://r.mirror.xyz
254,0x6dc43be93a8b5fd37dc16f24872babc6da5e5e3e,149200000000000000,0x3b3525f60eeea4a1ef554df5425912c2a532875d,0x972fbe58d550f17ed723bc4bceb60163d45e46c1,https://dame.mirror.xyz
255,0x1cbbc4e224ac7b830d4bfa50b3d80fd5fb1ad674,300000000000000000,0xc3268ddb8e38302763ffdc9191fcebd4c948fe1b,0x94515e4f6fabad73c8bcdd8cd42f0b5c037e2c49,https://creators.mirror.xyz
256,0xf89d2cb67055ecbbcc21c0caeb1610b9f6e5003b,200000000000000000,0x5e692fe3d06414d75380604ba202c7d5ed94f219,0xb0c813151d18482a914a2b95b1a25d020532bb36,https://cope.mirror.xyz
257,0x7800be67f419f0fdabefb6021b02b09fefea2500,2000000000000000000,0xf7f52dd34bc21eda08c0b804c7c1dbc48375820f,0x402eb84d9cb2d6cf66bde9b46d7277d3f4a16b54,https://party.mirror.xyz
258,0x57335b836e34133e382ceed050e5d54b490631e1,50000000000000000,0xc3268ddb8e38302763ffdc9191fcebd4c948fe1b,0x94515e4f6fabad73c8bcdd8cd42f0b5c037e2c49,https://creators.mirror.xyz
259,0xe826f1c06d5ae90e4c098459d1b7464a8dc604ca,200000000000000000,0xc3268ddb8e38302763ffdc9191fcebd4c948fe1b,0x94515e4f6fabad73c8bcdd8cd42f0b5c037e2c49,https://creators.mirror.xyz
260,0x46dc0a5398cf6aae44432978e6c92ead79ce079d,10000000000000000,0x3b3525f60eeea4a1ef554df5425912c2a532875d,0x972fbe58d550f17ed723bc4bceb60163d45e46c1,https://dame.mirror.xyz
261,0x5507dbd48a5a5bace8a6030e878cc4e0af147c33,110000000000000000,0xc46e9a66fddc8d1a69529d86e668236f02957f1b,0x22ffc1e1ab8e8ee937fe05a4cbe45ed0636e47fb,https://r.mirror.xyz
262,0x57ec0e4444bd2a598c48989485592b4f48dba785,30000000000000000,0xc3268ddb8e38302763ffdc9191fcebd4c948fe1b,0x94515e4f6fabad73c8bcdd8cd42f0b5c037e2c49,https://creators.mirror.xyz
263,0xebc239e101e75d288bb200e051a2320486b0240e,500000000000000000,0xc3268ddb8e38302763ffdc9191fcebd4c948fe1b,0x94515e4f6fabad73c8bcdd8cd42f0b5c037e2c49,https://creators.mirror.xyz
264,0x261d748f43c0172905cd61178aa6537ff685c145,20000000000000000,0xc46e9a66fddc8d1a69529d86e668236f02957f1b,0x22ffc1e1ab8e8ee937fe05a4cbe45ed0636e47fb,https://r.mirror.xyz
265,0x48c3932347586d9354553c3a4ee76858e34d0cac,50000000000000000,0xc3268ddb8e38302763ffdc9191fcebd4c948fe1b,0x94515e4f6fabad73c8bcdd8cd42f0b5c037e2c49,https://creators.mirror.xyz
266,0x9fc3b33884e1d056a8ca979833d686abd267f9f8,50000000000000000,0xc3268ddb8e38302763ffdc9191fcebd4c948fe1b,0x94515e4f6fabad73c8bcdd8cd42f0b5c037e2c49,https://creators.mirror.xyz
267,0x63b265d170f35d6bb724a6c00b4dcc822ea97867,20000000000000000,0x48A63097E1Ac123b1f5A8bbfFafA4afa8192FaB0,0x41ed7d49292b8fbf9b9311c1cb4d6eb877646c58,https://scott.mirror.xyz
268,0x601729acddb9e966822a90de235d494647691f1d,100000000000000000,0xc3268ddb8e38302763ffdc9191fcebd4c948fe1b,0x94515e4f6fabad73c8bcdd8cd42f0b5c037e2c49,https://creators.mirror.xyz
269,0x46301f7e700be9cffce3e5e142a2244df3f2d4f2,250000000000000000,0xc3268ddb8e38302763ffdc9191fcebd4c948fe1b,0x94515e4f6fabad73c8bcdd8cd42f0b5c037e2c49,https://creators.mirror.xyz
270,0x731c9c9dd1864f724f83fd384acf23ed240a06a6,50000000000000000,0x6c70e5fc4e4926cd836a6f8b0645aa1a077fa605,0x54f35d2852e08fe7bfc23e1053fd0ef444a05501,https://ellie.mirror.xyz
271,0x036e3972f2b499699414fe9476d496ca2f8c824b,25000000000000000,0xc46e9a66fddc8d1a69529d86e668236f02957f1b,0x22ffc1e1ab8e8ee937fe05a4cbe45ed0636e47fb,https://r.mirror.xyz
272,0xd861415f6703ab50ce101c7e6f6a80ada1fc2b1c,30000000000000000,0x48A63097E1Ac123b1f5A8bbfFafA4afa8192FaB0,0x41ed7d49292b8fbf9b9311c1cb4d6eb877646c58,https://scott.mirror.xyz
273,0xe7925d190aea9279400cd9a005e33ceb9389cc2b,2000000000000000000,0xf7f52dd34bc21eda08c0b804c7c1dbc48375820f,0x402eb84d9cb2d6cf66bde9b46d7277d3f4a16b54,https://party.mirror.xyz
274,0xcc13187afef880894a8832b854efe9816449bc59,30000000000000000,0x3b3525f60eeea4a1ef554df5425912c2a532875d,0x972fbe58d550f17ed723bc4bceb60163d45e46c1,https://dame.mirror.xyz
275,0x4695a3ecde63ec9027733f3f63aa241b3d5f3095,11000000000000000,0xc3268ddb8e38302763ffdc9191fcebd4c948fe1b,0x94515e4f6fabad73c8bcdd8cd42f0b5c037e2c49,https://creators.mirror.xyz
276,0xff37a713c920f6e94043d10c1230e30b13f4d500,110000000000000000,0xc46e9a66fddc8d1a69529d86e668236f02957f1b,0x22ffc1e1ab8e8ee937fe05a4cbe45ed0636e47fb,https://r.mirror.xyz
277,0x5507dbd48a5a5bace8a6030e878cc4e0af147c33,2000000000000000000,0xf7f52dd34bc21eda08c0b804c7c1dbc48375820f,0x402eb84d9cb2d6cf66bde9b46d7277d3f4a16b54,https://party.mirror.xyz
278,0x56b6ae8609ef719478e84c7605ae9604816d699e,138000000000000000,0xf7f52dd34bc21eda08c0b804c7c1dbc48375820f,0x402eb84d9cb2d6cf66bde9b46d7277d3f4a16b54,https://party.mirror.xyz
279,0xb19328e83e9de535867fc7b260c100f197c05029,20000000000000000,0xc3268ddb8e38302763ffdc9191fcebd4c948fe1b,0x94515e4f6fabad73c8bcdd8cd42f0b5c037e2c49,https://creators.mirror.xyz
280,0x8c76d5b19b164e1642baf71dc3daf008c4bfdd8e,40000000000000000,0x3b3525f60eeea4a1ef554df5425912c2a532875d,0x972fbe58d550f17ed723bc4bceb60163d45e46c1,https://dame.mirror.xyz
281,0x2d0671c41defe2d03f1d0e867327de79b98823e2,420000000000000000,0xc3268ddb8e38302763ffdc9191fcebd4c948fe1b,0x94515e4f6fabad73c8bcdd8cd42f0b5c037e2c49,https://creators.mirror.xyz
282,0x267a3195ea57ad38e65993dbcb9fbebf8995621d,50000000000000000,0xc3268ddb8e38302763ffdc9191fcebd4c948fe1b,0x94515e4f6fabad73c8bcdd8cd42f0b5c037e2c49,https://creators.mirror.xyz
283,0xcc65fa278b917042822538c44ba10ad646824026,200000000000000000,0xc3268ddb8e38302763ffdc9191fcebd4c948fe1b,0x94515e4f6fabad73c8bcdd8cd42f0b5c037e2c49,https://creators.mirror.xyz
284,0x793a9b7bab3b0cd3c6758114046a1c5dd51422cf,50000000000000000,0x6c70e5fc4e4926cd836a6f8b0645aa1a077fa605,0x54f35d2852e08fe7bfc23e1053fd0ef444a05501,https://ellie.mirror.xyz
285,0x70ece45cdc64a768f936ccb8ac851578251363e3,10000000000000000,0x3b3525f60eeea4a1ef554df5425912c2a532875d,0x972fbe58d550f17ed723bc4bceb60163d45e46c1,https://dame.mirror.xyz
286,0xd69009f4501d2dda587c6b1eca3e3b035fc4e42c,113000000000000000,0xc3268ddb8e38302763ffdc9191fcebd4c948fe1b,0x94515e4f6fabad73c8bcdd8cd42f0b5c037e2c49,https://creators.mirror.xyz
287,0x8bb5e1374e85effd86103335ff12ce943e9e29e3,250000000000000000,0xc46e9a66fddc8d1a69529d86e668236f02957f1b,0x22ffc1e1ab8e8ee937fe05a4cbe45ed0636e47fb,https://r.mirror.xyz
288,0x9a6fc94cc1056e5696a538a6ec78247be731e233,360000000000000000,0xc3268ddb8e38302763ffdc9191fcebd4c948fe1b,0x94515e4f6fabad73c8bcdd8cd42f0b5c037e2c49,https://creators.mirror.xyz
289,0xa2fe1d4145443ebc027f15c9f7ca27f7e9fd5f33,4000000000000000,0x48A63097E1Ac123b1f5A8bbfFafA4afa8192FaB0,0x41ed7d49292b8fbf9b9311c1cb4d6eb877646c58,https://scott.mirror.xyz
290,0x96a77560146501eaeb5e6d5b7d8dd1ed23defa23,10000000000000000,0xc3268ddb8e38302763ffdc9191fcebd4c948fe1b,0x94515e4f6fabad73c8bcdd8cd42f0b5c037e2c49,https://creators.mirror.xyz
291,0xbac1218fbe5b3f2e89932fc110450fcff5743f4b,50000000000000000,0x3b3525f60eeea4a1ef554df5425912c2a532875d,0x972fbe58d550f17ed723bc4bceb60163d45e46c1,https://dame.mirror.xyz
292,0x03942174b8e362d168e5c26d9b4339ab36d970b0,100000000000000000,0xc3268ddb8e38302763ffdc9191fcebd4c948fe1b,0x94515e4f6fabad73c8bcdd8cd42f0b5c037e2c49,https://creators.mirror.xyz
293,0x62cce104e48b92e09399a1dcac25b924853a3f95,40000000000000000,0xc46e9a66fddc8d1a69529d86e668236f02957f1b,0x22ffc1e1ab8e8ee937fe05a4cbe45ed0636e47fb,https://r.mirror.xyz
294,0x0653f05d22e5fe46f15639616e3bfd51c9060214,50000000000000000,0xc3268ddb8e38302763ffdc9191fcebd4c948fe1b,0x94515e4f6fabad73c8bcdd8cd42f0b5c037e2c49,https://creators.mirror.xyz
295,0xcd3e7ad8ec3468122d0e17147ffcfab4f851de0d,10000000000000000,0xc46e9a66fddc8d1a69529d86e668236f02957f1b,0x22ffc1e1ab8e8ee937fe05a4cbe45ed0636e47fb,https://r.mirror.xyz
296,0x25e68963bb5d9c8e35850d2db6ae7def8022dddc,10000000000000000,0xc46e9a66fddc8d1a69529d86e668236f02957f1b,0x22ffc1e1ab8e8ee937fe05a4cbe45ed0636e47fb,https://r.mirror.xyz
297,0x53b33ab1325c2df7a48e21878ee9896263469ed9,10000000000000000,0xc3268ddb8e38302763ffdc9191fcebd4c948fe1b,0x94515e4f6fabad73c8bcdd8cd42f0b5c037e2c49,https://creators.mirror.xyz
298,0xfc16b6fca8142dc58c8f2b61e40ee13960d3f0c6,500000000000000000,0xf7f52dd34bc21eda08c0b804c7c1dbc48375820f,0x402eb84d9cb2d6cf66bde9b46d7277d3f4a16b54,https://party.mirror.xyz
299,0xb683a2056526162c4771d363204af41ea8c1ec52,250000000000000000,0xc46e9a66fddc8d1a69529d86e668236f02957f1b,0x22ffc1e1ab8e8ee937fe05a4cbe45ed0636e47fb,https://r.mirror.xyz
300,0x66da63b03feca7dd44a5bb023bb3645d3252fa32,200000000000000000,0xc3268ddb8e38302763ffdc9191fcebd4c948fe1b,0x94515e4f6fabad73c8bcdd8cd42f0b5c037e2c49,https://creators.mirror.xyz
301,0x016c8780e5ccb32e5caa342a926794ce64d9c364,2000000000000000000,0xf7f52dd34bc21eda08c0b804c7c1dbc48375820f,0x402eb84d9cb2d6cf66bde9b46d7277d3f4a16b54,https://party.mirror.xyz
302,0x7fdca0a469ea8b50b92322afc0215b67d56a5e9a,100000000000000000,0xc3268ddb8e38302763ffdc9191fcebd4c948fe1b,0x94515e4f6fabad73c8bcdd8cd42f0b5c037e2c49,https://creators.mirror.xyz
303,0xc7a0d765c3af6e2710ba05a56c5e2ca190c2e11e,100000000000000000,0xc3268ddb8e38302763ffdc9191fcebd4c948fe1b,0x94515e4f6fabad73c8bcdd8cd42f0b5c037e2c49,https://creators.mirror.xyz
304,0x282173335ae1f328b34eb9acadc052e59e70a89f,400000000000000000,0xc3268ddb8e38302763ffdc9191fcebd4c948fe1b,0x94515e4f6fabad73c8bcdd8cd42f0b5c037e2c49,https://creators.mirror.xyz
305,0x50d7f6eb6beebe888556a124324a1420652c96ac,50000000000000000,0x3b3525f60eeea4a1ef554df5425912c2a532875d,0x972fbe58d550f17ed723bc4bceb60163d45e46c1,https://dame.mirror.xyz
306,0x3b1026d5b651b5d060f4b857fda6b74baf5636ee,100000000000000000,0xc3268ddb8e38302763ffdc9191fcebd4c948fe1b,0x94515e4f6fabad73c8bcdd8cd42f0b5c037e2c49,https://creators.mirror.xyz
307,0x4b3b388be656c36c422f8c9c9b6f20cbcaf53e3e,63000000000000000,0xc46e9a66fddc8d1a69529d86e668236f02957f1b,0x22ffc1e1ab8e8ee937fe05a4cbe45ed0636e47fb,https://r.mirror.xyz
308,0x23736120b01aa219c13af4aedd333986e1b0d392,52000000000000000,0xc3268ddb8e38302763ffdc9191fcebd4c948fe1b,0x94515e4f6fabad73c8bcdd8cd42f0b5c037e2c49,https://creators.mirror.xyz
309,0xe63f3fcbd09888dc5156826a4852815caa95cac3,35000000000000000,0xc3268ddb8e38302763ffdc9191fcebd4c948fe1b,0x94515e4f6fabad73c8bcdd8cd42f0b5c037e2c49,https://creators.mirror.xyz
310,0xe340b00b6b622c136ffa5cff130ec8edcddcb39d,300000000000000000,0xf7f52dd34bc21eda08c0b804c7c1dbc48375820f,0x402eb84d9cb2d6cf66bde9b46d7277d3f4a16b54,https://party.mirror.xyz
311,0x5ba02f4ff6af1d9d2af8774d10fd32eb57d4e2e6,20000000000000000,0x48A63097E1Ac123b1f5A8bbfFafA4afa8192FaB0,0x41ed7d49292b8fbf9b9311c1cb4d6eb877646c58,https://scott.mirror.xyz
312,0xdafa9e3dae493f0b9d6872eff4fda0f40d1b7488,22200000000000000,0x2ae8c972fb2e6c00dded8986e2dc672ed190da06,0x85625b4983e6a54eda7e237f1a64e0cfb4408c6d,https://ath.mirror.xyz
313,0xf0cad7c8b383f79a879eb6df644e336234ebdac8,250000000000000000,0xc3268ddb8e38302763ffdc9191fcebd4c948fe1b,0x94515e4f6fabad73c8bcdd8cd42f0b5c037e2c49,https://creators.mirror.xyz
314,0xd85b275f9984e7890f8eb4d6dddf8556b229b56b,15000000000000000,0xc46e9a66fddc8d1a69529d86e668236f02957f1b,0x22ffc1e1ab8e8ee937fe05a4cbe45ed0636e47fb,https://r.mirror.xyz
315,0x5090c4fead5be112b643bc75d61bf42339675448,180000000000000000,0xc46e9a66fddc8d1a69529d86e668236f02957f1b,0x22ffc1e1ab8e8ee937fe05a4cbe45ed0636e47fb,https://r.mirror.xyz
316,0x3b3525f60eeea4a1ef554df5425912c2a532875d,20000000000000000,0x48A63097E1Ac123b1f5A8bbfFafA4afa8192FaB0,0x41ed7d49292b8fbf9b9311c1cb4d6eb877646c58,https://scott.mirror.xyz
317,0x573bed673125048de24fcd795c7b1b85c4e0579a,10000000000000000,0xc46e9a66fddc8d1a69529d86e668236f02957f1b,0x22ffc1e1ab8e8ee937fe05a4cbe45ed0636e47fb,https://r.mirror.xyz
318,0x2b06fc77eb9d6f64b25bd577dacfa43b56e5b4cc,10000000000000000,0x3b3525f60eeea4a1ef554df5425912c2a532875d,0x972fbe58d550f17ed723bc4bceb60163d45e46c1,https://dame.mirror.xyz
319,0x10d6d2e343281d388291a3e02f3293aaeda67178,200000000000000000,0x2ae8c972fb2e6c00dded8986e2dc672ed190da06,0x85625b4983e6a54eda7e237f1a64e0cfb4408c6d,https://ath.mirror.xyz
320,0xe7bd51dc30d4bdc9fddd42ea7c0a283590c9d416,138000000000000000,0xf7f52dd34bc21eda08c0b804c7c1dbc48375820f,0x402eb84d9cb2d6cf66bde9b46d7277d3f4a16b54,https://party.mirror.xyz
321,0x3b3525f60eeea4a1ef554df5425912c2a532875d,138000000000000000,0xf7f52dd34bc21eda08c0b804c7c1dbc48375820f,0x402eb84d9cb2d6cf66bde9b46d7277d3f4a16b54,https://party.mirror.xyz
322,0xbd35204de6fffe9f9f6601b1d90e003f764604c9,250000000000000000,0xc3268ddb8e38302763ffdc9191fcebd4c948fe1b,0x94515e4f6fabad73c8bcdd8cd42f0b5c037e2c49,https://creators.mirror.xyz
323,0x6ccef09f9a03658d19fc9bc1680dfc0feb084899,90000000000000000,0xc3268ddb8e38302763ffdc9191fcebd4c948fe1b,0x94515e4f6fabad73c8bcdd8cd42f0b5c037e2c49,https://creators.mirror.xyz
324,0xf627e5f4bad95a956468d8bb6ee20b119f992e96,130000000000000000,0xc46e9a66fddc8d1a69529d86e668236f02957f1b,0x22ffc1e1ab8e8ee937fe05a4cbe45ed0636e47fb,https://r.mirror.xyz
325,0xc63a26a74326076feb89040586ffcdced3b42bf5,200000000000000000,0xf7f52dd34bc21eda08c0b804c7c1dbc48375820f,0x402eb84d9cb2d6cf66bde9b46d7277d3f4a16b54,https://party.mirror.xyz
326,0x0b7917b62bc98967e06e80efba9abcaccf3d4928,500000000000000000,0xf7f52dd34bc21eda08c0b804c7c1dbc48375820f,0x402eb84d9cb2d6cf66bde9b46d7277d3f4a16b54,https://party.mirror.xyz
327,0x51448923d8a215a5a8cd872a51f22c2f5c43b444,50000000000000000,0x2ae8c972fb2e6c00dded8986e2dc672ed190da06,0x85625b4983e6a54eda7e237f1a64e0cfb4408c6d,https://ath.mirror.xyz
328,0x06e44e41db9add473aadf75c1c9eadf3cf5b74c9,3141592653590000,0xc3268ddb8e38302763ffdc9191fcebd4c948fe1b,0x94515e4f6fabad73c8bcdd8cd42f0b5c037e2c49,https://creators.mirror.xyz
329,0xafafff0f65731ef64083fef84e22300a90cc25a0,100000000000000000,0x6c70e5fc4e4926cd836a6f8b0645aa1a077fa605,0x54f35d2852e08fe7bfc23e1053fd0ef444a05501,https://ellie.mirror.xyz
330,0xd2b8395bd413be30a92f0fe575c2ff1043317ad6,220000000000000000,0xc3268ddb8e38302763ffdc9191fcebd4c948fe1b,0x94515e4f6fabad73c8bcdd8cd42f0b5c037e2c49,https://creators.mirror.xyz
331,0x4b8ee1eef0bd930c2277a60c839834b142b373d2,30000000000000000,0x3b3525f60eeea4a1ef554df5425912c2a532875d,0x972fbe58d550f17ed723bc4bceb60163d45e46c1,https://dame.mirror.xyz
332,0x5507dbd48a5a5bace8a6030e878cc4e0af147c33,111000000000000000,0xc3268ddb8e38302763ffdc9191fcebd4c948fe1b,0x94515e4f6fabad73c8bcdd8cd42f0b5c037e2c49,https://creators.mirror.xyz
333,0xcc65fa278b917042822538c44ba10ad646824026,150000000000000000,0x3b3525f60eeea4a1ef554df5425912c2a532875d,0x972fbe58d550f17ed723bc4bceb60163d45e46c1,https://dame.mirror.xyz
334,0x616fc752e4d9503b1b65b51f1113003ab2256ce9,60000000000000000,0xc46e9a66fddc8d1a69529d86e668236f02957f1b,0x22ffc1e1ab8e8ee937fe05a4cbe45ed0636e47fb,https://r.mirror.xyz
335,0xe6c12d7755b8da3bb1aeeae2f798982dbea061c2,1000000000000000000,0xc3268ddb8e38302763ffdc9191fcebd4c948fe1b,0x94515e4f6fabad73c8bcdd8cd42f0b5c037e2c49,https://creators.mirror.xyz
336,0x4defa30195094963cfac7285d8d6e6e523c7f90d,250000000000000000,0xc46e9a66fddc8d1a69529d86e668236f02957f1b,0x22ffc1e1ab8e8ee937fe05a4cbe45ed0636e47fb,https://r.mirror.xyz
337,0x67d6a76e1a27fedac30a43afce205f49b7604060,60000000000000000,0xc46e9a66fddc8d1a69529d86e668236f02957f1b,0x22ffc1e1ab8e8ee937fe05a4cbe45ed0636e47fb,https://r.mirror.xyz
338,0xc41190968efa6441e589eb6446b970afe84d5e99,100000000000000000,0xc46e9a66fddc8d1a69529d86e668236f02957f1b,0x22ffc1e1ab8e8ee937fe05a4cbe45ed0636e47fb,https://r.mirror.xyz
339,0x8f942eced007bd3976927b7958b50df126feecb5,110000000000000000,0xc3268ddb8e38302763ffdc9191fcebd4c948fe1b,0x94515e4f6fabad73c8bcdd8cd42f0b5c037e2c49,https://creators.mirror.xyz
