num_entries,address
85,0xB8332710AB60A1B2e8FE6D775d83524C9E0cE136
24,0xCC65fA278B917042822538c44ba10AD646824026
15,0x9651B2a7Aa9ed9635cE896a1Af1a7d6294d5e902
14,0x7FdCA0A469Ea8b50b92322aFc0215b67D56A5e9A
13,0x30E838D51c61811d382962B4e0699715462DcdE1
13,0x9C159121CEEBF937E9bad98fd0c895d7f6038bd4
12,0x9428ca8b5fe52C33BD0BD7222d719d788B6467F4
11,0xB0623C91c65621df716aB8aFE5f66656B21A9108
10,0xb1676B5Ab63F01F154bb9938F5e8999d9Da5444B
9,0xfC4852B5e3aF65058CdfE1D1dce26946c0C1975f
9,0x10D6d2e343281D388291A3e02f3293AaEdA67178
9,0xbeC26FFa12c90217943D1b2958f60A821aE6E549
8,0xfbdf598dB4dBA841f40680Cd9C2D3cF618265be0
8,0xc57c5aE582708e619Ec1BA7513480b2e7540935f
7,0x5BA02f4Ff6Af1d9d2Af8774D10fD32Eb57d4E2E6
7,0xc46E9a66FDdC8D1a69529d86E668236f02957F1b
7,0x3B3525F60eeea4a1eF554df5425912c2a532875D
6,0xaBaF40768e575bEb3244df2853A0505Cb2D2e4bB
6,0x25cbCFA16e43e58517f80D583087Ea89241293E6
6,0x7853Eabb6cFa980eBfD27e3F77e69590EA53c0b7
6,0x46301F7E700Be9cFfCE3e5e142a2244Df3f2d4F2
6,0xFf37A713c920F6e94043D10c1230e30B13F4d500
5,0x2920A3192613d8c42f21b64873dc0Ddfcbf018D4
5,0x2bD5d2e3d5852AD9960638083cb7c9F493E7A597
5,0x64298A72F4E3e23387EFc409fc424a3f17356fC4
5,0xEa83321A41c69070C971CD9Ca193366d6Be8DDC4
5,0xb18501548Eeb4660c2348A75515e2740041999F6
5,0x5507dbd48a5A5bAcE8a6030e878cC4E0af147C33
5,0xEB95ff72EAb9e8D8fdb545FE15587AcCF410b42E
5,0x66B340673fcE10bd3bFbbe59997Ae188a16b6710
5,0x942cBEa64876Ff0b2e23c0712B37Dc0091804e9c
5,0xE340b00B6B622C136fFA5CFf130eC8edCdDCb39D
4,0xCaCEa967ae0d35d2A006Bb63ec557Fd8A6F013db
4,0x53b91350a481C1ad80f12127d10524793c9a7E89
4,0xD9C4475E2dd89a9a0aD0C1E9a1e1bb28Df7BA298
4,0x11731586c573Bc263De405603793Ef48F974830F
4,0xed625c9ABa1245Fa8e22eb1f1825881517A9DCE7
4,0x42DFAf5266Ad40AB4533F9806F5CC1DF4C1eB363
4,0xc8f8e2F59Dd95fF67c3d39109ecA2e2A017D4c8a
4,0x88D01d4354DA0D65C38b0196c4400525A5eebe17
4,0xe612d9C2a9bA0Ff4403F4f7Ea87D5bE4290aC7B9
4,0x5090c4Fead5Be112b643BC75d61bF42339675448
3,0x6cE3f4eC4e8B70e2014D146D9aBb06b5664132CE
3,0x72Ff7D1dF7D1e4B86886D68605f55ce42ef74624
3,0x2Ae8c972fB2E6c00ddED8986E2dc672ED190DA06
3,0x345122f6513329d169cFf39ACe8978EDC3942b5D
3,0xADbd9aedA5633448e8b4953b4376c9514075abf4
3,0x5E692Fe3d06414D75380604BA202c7d5ed94f219
3,0x662d5d79849113A5403Af776210307a7c82a5267
2,0xC4f287b062A3D391bb8FF86aCE1fe337F0512b23
2,0x04a395a382B43d083ac5F43eb4c32B93d5a43E00
2,0x0f1C01d98AE190Ad2739a6075B21C2343d8b412e
2,0x4303Ddc9943D862f2B205aF468a4A786c5137E76
2,0x4628D77ba8fCc7a7F2B6bd4A0363061a06E7a20F
2,0x565B93a15d38aCD79c120b15432D21E21eD274d6
2,0x57eFCc7607CD2da49D73E8F9C88ed114CbdC5CF7
2,0x5e349eca2dc61aBCd9dD99Ce94d04136151a09Ee
2,0x66Da63B03feCA7Dd44a5bB023BB3645D3252Fa32
2,0x68F9D801C96aC6ccf562f3600Cef77c4504449b6
2,0x7721F140C2968D5C639A9B40a1e6CA48a9b7c41D
2,0x7A6f726121030CaDf9923333d5b6F29277024027
2,0x808a2adbD0a3fc679e3F7CD18d4f579BFCaaEC9C
2,0x84da37133a088Fbf4e21D80Aec2CC260B52eA116
2,0x9b217B4B9533bb2c78504cDcCAdf5739cFa27E86
2,0x9BA0022Ec84E92dceaC90d0a22E3A857ba37bfE6
2,0xA5E1C37Ad90BAAcb791Cfa18506224D7c50f1619
2,0xAed58605cF7d6A9396f7c0539D51df6763808208
2,0xbc3ed6B537f2980e66f396Fe14210A56ba3f72C4
2,0xc63A26A74326076feb89040586FfcDcED3B42bF5
2,0xc7A0D765C3aF6E2710bA05A56c5E2cA190C2E11e
2,0xcde3725B25D6d9bC78CF0941cC15Fd9710c764b9
2,0xDA18e1537622802EC576D99A8e3913914653BD6F
2,0xdC1F98682F4F8a5c6d54F345F448437b83f5E432
2,0xE3309Dd02F1f7254b8CbE478ac7b5519802E151c
1,0x8a32Af4AfFD816978C2Fdfa7C08c27681d05d4Fe
1,0x605ACc13c07CB2dE5261dc64D315857fDE7d5C5c
1,0x601A11d6aAa6442d1792a8203B37c8C159784921
1,0x5C93fD4E5bf3d541a4917719Cd4e1214Dd035920
1,0x969d53EAd869B7242715038551E1cBdBcE514b68
1,0x9887D70d026818CA841BE7d41AE1AdACc5cB9903
1,0xf35880094DC18Df096891E4ccb51212d00311B86
1,0xF65ffeD29a2E7Ca9554CfeA52EA500b5Adc5fC13
1,0x59abbee2F246946Dba01fb037Be603CC0B2B3909
1,0x9E64B47bBdb9c1F7B599f11987b84C416C0c4110
1,0xa4142A998EeD156228b2F925a43fcEA25f363Cc5
1,0xF719d5d368dA5c7006bFBb7e0A4873b5115Aa11f
1,0xa62e8D6D73B44B127EFb8a094d050E7982Ef8210
1,0xA83444576F86C8B59A542eC2F286a19aB12c2666
1,0xa95298a8C3dbabfD15efA23329a00924e2D8bA52
1,0xa99438A1A6de4943756c9eF05Be41288d2EEC6CA
1,0xA9EB52b347BC76F95745A92dd1e1c3986BcB1E2C
1,0xaAba999423e939a67373E422dFabE088d5bc31A5
1,0x54BeCc7560a7Be76d72ED76a1f5fee6C5a2A7Ab6
1,0xAbc837FEeEb448D36173d92d9563F324bC3a273f
1,0xABf014A3757eA644b9268d4a2cae9301Df79cE95
1,0xaD8717E33C719a9B407Ad6B40d0Be237845c2FbF
1,0x54681ac94D4e3C8F58F54B576B654DC2D1950ae0
1,0xf7B2C2eb58A5F801119dF7e9bF9f9b66C62bB011
1,0x4aa9C5546BE68486c4eF264a230D25674a1A728e
1,0x4a61d76ea05A758c1db9C9b5a5ad22f445A38C46
1,0x48A63097E1Ac123b1f5A8bbfFafA4afa8192FaB0
1,0xb683A2056526162C4771d363204aF41ea8c1eC52
1,0xb7F296FE3B08Da98D224fbb663d3fa25150A8EEA
1,0x445d959751d21b6A460B30D0cD0c88CE63B01847
1,0xb99f063aaCbbE0602A41Be67B26648506ef45600
1,0xF9875C1544f2C9AeACEc50feD687D984dDAa9D00
1,0xbe34Fd2800B94429F7E9Ae3f0b08b43A450Ac80a
1,0x4086583a20335BA5a333547b6D5327aD6e002261
1,0xbfDb50Dc66C8Df9fd9688D8fe5A0C34126427645
1,0xC143c4E2f95B7B49aF49501323093efFeDa42e41
1,0xc236541380fc0C2C05c2F2c6c52a21ED57c37952
1,0xC3268DDB8E38302763fFdC9191FCEbD4C948fe1b
1,0xc46004492f3C10B6E9211D60A7f261E72Cc03a8e
1,0x33eD481F752f05A292346C71E16aFbB0fE548656
1,0x03942174b8E362D168e5C26d9b4339ab36D970b0
1,0x32802F989B4348A51DD0E61D23B78BE1a0543469
1,0xfA5f665fad9B4B5a374f6DEc38eb3e5218E2ea33
1,0xFA8bA20F71d959DD3a51CE15d89fAc03c24Cf392
1,0x31b4C292b4639a32A0aCA72B0451499B464c58cb
1,0x31941231407EC7e53b2D4e0Ba967159736BAEa9a
1,0x2f9B473d4B9f95A5E55F205Be1a003B27D24Df76
1,0x0d41A3F6301ab46E491850c8FdAfBDe0a3B41ece
1,0xcEd09CCFc82b091195bdE04E6Cd65374518E7b95
1,0xd3DD62E5ad098d2220E3921d41494fB9754c1BF1
1,0x2F8f8FbF095345577b901d88EfA8bA4EC3FE8E39
1,0x04970d93EcB584dc00bBb82c0c18D2Ec49a0AA9c
1,0xFcCEB143040e85F180e61d3e76620cd16e700cDF
1,0xe16c0E1Bf3B75F67E83C9e47B9c0Eb8Bf1B99CCd
1,0x03e9206f2A1234fEFaD2C0B07A86B1E0f5cB8d0D
1,0x2a91d4FF6aD3BF749Fd4950191c780fb20819425
1,0x224e69025A2f705C8f31EFB6694398f8Fd09ac5C
1,0xE62B7b73Ef13365C95d4F191A2715dF1E2836e25
1,0xe7925D190aea9279400cD9a005E33CEB9389Cc2b
1,0xE7bd51Dc30d4bDc9FDdD42eA7c0a283590C9D416
1,0xE8d8ea49f0A7b2D345659A2c0fd07Ee3d2e1EC3a
1,0x17A059B6B0C8af433032d554B0392995155452E6
1,0x6e95A8B294d7A159B2488f3d7119F82a0e243014
1,0x751fF169Fa139ab1a90a4aCb2180bbf7531e34F1
1,0x16DFe71Fe5269a794d255017326F9A5dB8591B22
1,0x777B0884f97Fd361c55e472530272Be61cEb87c8
1,0x6C70e5FC4e4926CD836A6F8B0645Aa1A077fa605
1,0x78918036a8e4B9179bEE3CAB57110A3397986E44
1,0x15eCAc227795409DF99D2703dE3478e115307Bd5
1,0x7cDf76A778d826E6cAD5675037dE070BACa74244
1,0x621b35b50c508f3497437Ae777dEe70D052D6AD9
1,0x7FeabF26185D54629a067Ee237041E703E6a242F
1,0xef03254aBC88C81Cb822b5E4DCDf22D55645bCe6
1,0x841fF85B6873d7bfB712C8f7A347C774355b6EC3
1,0xF296178d553C8Ec21A2fBD2c5dDa8CA9ac905A00
1,0x60E912290431D877489CDb74FA3C75A51575f57a
1,0x8926B75642C2650aE3c5b227bAD2F7158ceaCCD1
